Symbol,Quantity,Price,Holding_Qty,Avg_Cost,Holding_Value,PnL,PnL_Pct,DMA50,DMA200,RSI14,DMA_Trend,Momentum_Score,Transaction,Variety,Product,Order_Type,Rank,Recommendation,Allocation,TargetValue,Rationale
HDFCBANK,7,750.0,139,823.75,104250.0,-9834.45,-8.59,898.36,964.11,20.83,BEARISH,-1,BUY,regular,CNC,LIMIT,Top5,SELL,5333,5250,"【FUNDAMENTAL ANALYSIS】 Q3 PAT +11.5% YoY  【CURRENT HOLDINGS】 Holding Qty: 139 shares | Avg Cost: ₹823.75 | Current Price: ₹750.00 | P&L: ₹-9,834.45 (-8.59%) | → SMALL LOSS: Evaluate averaging down if fundamentals strong  【TECHNICAL ANALYSIS】 Current Price: ₹750.00 | 50-Day Moving Average: ₹898.36 (Price is 16.5% below 50DMA) |   → Short-term trend: BEARISH (trading below 50DMA) | 200-Day Moving Average: ₹964.11 (Price is 22.2% below 200DMA) |   → Long-term trend: BEARISH (trading below 200DMA) | DMA Crossover: DEATH CROSS (50DMA < 200DMA) - Bearish signal indicating potential downtrend | RSI(14): 20.8 |   → RSI Signal: OVERSOLD (RSI <= 30) - Stock may be undervalued, potential bounce opportunity  【MOMENTUM SUMMARY】 Overall Momentum Score: -1/4 (BEARISH) | Technical indicators suggest downward pressure - price below key averages with oversold/overbought conditions  【PORTFOLIO CONTEXT】 Research Rank: Top5 | Initial Recommendation: BUY  【ADVISOR GUIDANCE】 CAUTION: Stock is oversold but in bearish trend - may indicate falling knife scenario. Wait for trend reversal confirmation. | Key Support: ₹898.36 | Key Resistance: ₹964.11"
RELIANCE,3,1399.2,15,1405.57,20988.0,-169.0,-0.8,1415.08,1448.29,58.87,BEARISH,1,BUY,regular,CNC,LIMIT,Top5,STRONG BUY,5333,4197,【FUNDAMENTAL ANALYSIS】 Q3 revenue +10% YoY to ₹2.94L Cr; PAT +1.6%  【CURRENT HOLDINGS】 Holding Qty: 15 shares | Avg Cost: ₹1405.57 | Current Price: ₹1399.20 | P&L: ₹-169.00 (-0.80%) | → SMALL LOSS: Evaluate averaging down if fundamentals strong  【TECHNICAL ANALYSIS】 Current Price: ₹1399.20 | 50-Day Moving Average: ₹1415.08 (Price is 1.1% below 50DMA) |   → Short-term trend: BEARISH (trading below 50DMA) | 200-Day Moving Average: ₹1448.29 (Price is 3.4% below 200DMA) |   → Long-term trend: BEARISH (trading below 200DMA) | DMA Crossover: DEATH CROSS (50DMA < 200DMA) - Bearish signal indicating potential downtrend | RSI(14): 58.9 |   → RSI Signal: BULLISH MOMENTUM (RSI 50-70) - Moderate buying pressure  【MOMENTUM SUMMARY】 Overall Momentum Score: 1/4 (MODERATE BULLISH) | Some bullish signals present but not fully aligned  【PORTFOLIO CONTEXT】 Research Rank: Top5 | Initial Recommendation: STRONG BUY  【ADVISOR GUIDANCE】 NEUTRAL: Mixed technical signals. Position sizing should be conservative. | Key Support: ₹1415.08 | Key Resistance: ₹1448.29
BHARTIARTL,2,1803.3,65,1835.71,117214.5,-1898.8,-1.59,1947.5,1976.65,38.96,BEARISH,0,BUY,regular,CNC,LIMIT,Top5,ACCUMULATE,5333,3606,"【FUNDAMENTAL ANALYSIS】 Q3 rev +19.6% YoY to ₹54k Cr  【CURRENT HOLDINGS】 Holding Qty: 65 shares | Avg Cost: ₹1835.71 | Current Price: ₹1803.30 | P&L: ₹-1,898.80 (-1.59%) | → SMALL LOSS: Evaluate averaging down if fundamentals strong  【TECHNICAL ANALYSIS】 Current Price: ₹1803.30 | 50-Day Moving Average: ₹1947.50 (Price is 7.4% below 50DMA) |   → Short-term trend: BEARISH (trading below 50DMA) | 200-Day Moving Average: ₹1976.65 (Price is 8.8% below 200DMA) |   → Long-term trend: BEARISH (trading below 200DMA) | DMA Crossover: DEATH CROSS (50DMA < 200DMA) - Bearish signal indicating potential downtrend | RSI(14): 39.0 |   → RSI Signal: BEARISH MOMENTUM (RSI 30-50) - Moderate selling pressure  【MOMENTUM SUMMARY】 Overall Momentum Score: 0/4 (NEUTRAL) | Mixed signals - no clear directional bias in technicals  【PORTFOLIO CONTEXT】 Research Rank: Top5 | Initial Recommendation: STRONG BUY  【ADVISOR GUIDANCE】 UNFAVORABLE: Technical setup is bearish. Consider reducing exposure or waiting for trend reversal. | Key Support: ₹1947.50 | Key Resistance: ₹1976.65"
SBIN,5,1026.3,333,1003.62,341757.9,6053.05,1.81,1106.17,933.74,18.36,BULLISH,1,BUY,regular,CNC,LIMIT,Top5,STRONG BUY,5333,5131,"【FUNDAMENTAL ANALYSIS】 Q3 PAT +24.5% YoY to ₹21,028 Cr  【CURRENT HOLDINGS】 Holding Qty: 333 shares | Avg Cost: ₹1003.62 | Current Price: ₹1026.30 | P&L: ₹+6,053.05 (+1.81%) | → MARGINAL PROFIT: Monitor closely  【TECHNICAL ANALYSIS】 Current Price: ₹1026.30 | 50-Day Moving Average: ₹1106.17 (Price is 7.2% below 50DMA) |   → Short-term trend: BEARISH (trading below 50DMA) | 200-Day Moving Average: ₹933.74 (Price is 9.9% above 200DMA) |   → Long-term trend: BULLISH (trading above 200DMA) | DMA Crossover: GOLDEN CROSS (50DMA > 200DMA) - Bullish signal indicating potential uptrend | RSI(14): 18.4 |   → RSI Signal: OVERSOLD (RSI <= 30) - Stock may be undervalued, potential bounce opportunity  【MOMENTUM SUMMARY】 Overall Momentum Score: 1/4 (MODERATE BULLISH) | Some bullish signals present but not fully aligned  【PORTFOLIO CONTEXT】 Research Rank: Top5 | Initial Recommendation: STRONG BUY  【ADVISOR GUIDANCE】 NEUTRAL: Mixed technical signals. Position sizing should be conservative. | Key Support: ₹933.74 | Key Resistance: ₹1106.17"
INFY,4,1249.9,32,1245.71,39996.8,73.3,0.18,1444.54,1517.53,41.79,BEARISH,0,BUY,regular,CNC,LIMIT,Top5,ACCUMULATE,5333,4999,【FUNDAMENTAL ANALYSIS】 Q3 rev +9% YoY; PAT -2% due to one-offs; raised FY26 guidance  【CURRENT HOLDINGS】 Holding Qty: 32 shares | Avg Cost: ₹1245.71 | Current Price: ₹1249.90 | P&L: ₹+73.30 (+0.18%) | → MARGINAL PROFIT: Monitor closely  【TECHNICAL ANALYSIS】 Current Price: ₹1249.90 | 50-Day Moving Average: ₹1444.54 (Price is 13.5% below 50DMA) |   → Short-term trend: BEARISH (trading below 50DMA) | 200-Day Moving Average: ₹1517.53 (Price is 17.6% below 200DMA) |   → Long-term trend: BEARISH (trading below 200DMA) | DMA Crossover: DEATH CROSS (50DMA < 200DMA) - Bearish signal indicating potential downtrend | RSI(14): 41.8 |   → RSI Signal: BEARISH MOMENTUM (RSI 30-50) - Moderate selling pressure  【MOMENTUM SUMMARY】 Overall Momentum Score: 0/4 (NEUTRAL) | Mixed signals - no clear directional bias in technicals  【PORTFOLIO CONTEXT】 Research Rank: Top5 | Initial Recommendation: STRONG BUY  【ADVISOR GUIDANCE】 UNFAVORABLE: Technical setup is bearish. Consider reducing exposure or waiting for trend reversal. | Key Support: ₹1444.54 | Key Resistance: ₹1517.53
HINDUNILVR,1,2045.8,14,2099.63,28641.2,-771.1,-2.62,2311.41,2420.28,12.17,BEARISH,-1,BUY,regular,CNC,LIMIT,Next5,SELL,4000,2045,"【FUNDAMENTAL ANALYSIS】 Q3 underlying PAT +1% YoY (ex-cluster demerger)  【CURRENT HOLDINGS】 Holding Qty: 14 shares | Avg Cost: ₹2099.63 | Current Price: ₹2045.80 | P&L: ₹-771.10 (-2.62%) | → SMALL LOSS: Evaluate averaging down if fundamentals strong  【TECHNICAL ANALYSIS】 Current Price: ₹2045.80 | 50-Day Moving Average: ₹2311.41 (Price is 11.5% below 50DMA) |   → Short-term trend: BEARISH (trading below 50DMA) | 200-Day Moving Average: ₹2420.28 (Price is 15.5% below 200DMA) |   → Long-term trend: BEARISH (trading below 200DMA) | DMA Crossover: DEATH CROSS (50DMA < 200DMA) - Bearish signal indicating potential downtrend | RSI(14): 12.2 |   → RSI Signal: OVERSOLD (RSI <= 30) - Stock may be undervalued, potential bounce opportunity  【MOMENTUM SUMMARY】 Overall Momentum Score: -1/4 (BEARISH) | Technical indicators suggest downward pressure - price below key averages with oversold/overbought conditions  【PORTFOLIO CONTEXT】 Research Rank: Next5 | Initial Recommendation: ACCUMULATE  【ADVISOR GUIDANCE】 CAUTION: Stock is oversold but in bearish trend - may indicate falling knife scenario. Wait for trend reversal confirmation. | Key Support: ₹2311.41 | Key Resistance: ₹2420.28"
BAJFINANCE,5,797.2,17,842.04,13552.4,-785.15,-5.48,947.95,965.91,18.59,BEARISH,-1,BUY,regular,CNC,LIMIT,Next5,SELL,4000,3986,"【FUNDAMENTAL ANALYSIS】 FY26 outlook strong; Q3 net flat (₹2,229 Cr) but underlying profit +32%  【CURRENT HOLDINGS】 Holding Qty: 17 shares | Avg Cost: ₹842.04 | Current Price: ₹797.20 | P&L: ₹-785.15 (-5.48%) | → SMALL LOSS: Evaluate averaging down if fundamentals strong  【TECHNICAL ANALYSIS】 Current Price: ₹797.20 | 50-Day Moving Average: ₹947.95 (Price is 15.9% below 50DMA) |   → Short-term trend: BEARISH (trading below 50DMA) | 200-Day Moving Average: ₹965.91 (Price is 17.5% below 200DMA) |   → Long-term trend: BEARISH (trading below 200DMA) | DMA Crossover: DEATH CROSS (50DMA < 200DMA) - Bearish signal indicating potential downtrend | RSI(14): 18.6 |   → RSI Signal: OVERSOLD (RSI <= 30) - Stock may be undervalued, potential bounce opportunity  【MOMENTUM SUMMARY】 Overall Momentum Score: -1/4 (BEARISH) | Technical indicators suggest downward pressure - price below key averages with oversold/overbought conditions  【PORTFOLIO CONTEXT】 Research Rank: Next5 | Initial Recommendation: ACCUMULATE  【ADVISOR GUIDANCE】 CAUTION: Stock is oversold but in bearish trend - may indicate falling knife scenario. Wait for trend reversal confirmation. | Key Support: ₹947.95 | Key Resistance: ₹965.91"
ASIANPAINT,1,2128.2,4,2233.9,8512.8,-404.0,-4.52,2435.43,2515.04,30.22,BEARISH,0,BUY,regular,CNC,LIMIT,Next5,REDUCE,4000,2128,"【FUNDAMENTAL ANALYSIS】 Q3 rev +3.9% YoY, PAT -4.6% YoY  【CURRENT HOLDINGS】 Holding Qty: 4 shares | Avg Cost: ₹2233.90 | Current Price: ₹2128.20 | P&L: ₹-404.00 (-4.52%) | → SMALL LOSS: Evaluate averaging down if fundamentals strong  【TECHNICAL ANALYSIS】 Current Price: ₹2128.20 | 50-Day Moving Average: ₹2435.43 (Price is 12.6% below 50DMA) |   → Short-term trend: BEARISH (trading below 50DMA) | 200-Day Moving Average: ₹2515.04 (Price is 15.4% below 200DMA) |   → Long-term trend: BEARISH (trading below 200DMA) | DMA Crossover: DEATH CROSS (50DMA < 200DMA) - Bearish signal indicating potential downtrend | RSI(14): 30.2 |   → RSI Signal: BEARISH MOMENTUM (RSI 30-50) - Moderate selling pressure  【MOMENTUM SUMMARY】 Overall Momentum Score: 0/4 (NEUTRAL) | Mixed signals - no clear directional bias in technicals  【PORTFOLIO CONTEXT】 Research Rank: Next5 | Initial Recommendation: BUY  【ADVISOR GUIDANCE】 UNFAVORABLE: Technical setup is bearish. Consider reducing exposure or waiting for trend reversal. | Key Support: ₹2435.43 | Key Resistance: ₹2515.04"
ITC,13,290.9,292,301.03,84942.8,-2403.9,-2.73,315.43,378.15,24.82,BEARISH,-1,BUY,regular,CNC,LIMIT,Next5,SELL,4000,3781,"【FUNDAMENTAL ANALYSIS】 Q3 PAT flat at ₹5,018 Cr; rev +6.6%  【CURRENT HOLDINGS】 Holding Qty: 292 shares | Avg Cost: ₹301.03 | Current Price: ₹290.90 | P&L: ₹-2,403.90 (-2.73%) | → SMALL LOSS: Evaluate averaging down if fundamentals strong  【TECHNICAL ANALYSIS】 Current Price: ₹290.90 | 50-Day Moving Average: ₹315.43 (Price is 7.8% below 50DMA) |   → Short-term trend: BEARISH (trading below 50DMA) | 200-Day Moving Average: ₹378.15 (Price is 23.1% below 200DMA) |   → Long-term trend: BEARISH (trading below 200DMA) | DMA Crossover: DEATH CROSS (50DMA < 200DMA) - Bearish signal indicating potential downtrend | RSI(14): 24.8 |   → RSI Signal: OVERSOLD (RSI <= 30) - Stock may be undervalued, potential bounce opportunity  【MOMENTUM SUMMARY】 Overall Momentum Score: -1/4 (BEARISH) | Technical indicators suggest downward pressure - price below key averages with oversold/overbought conditions  【PORTFOLIO CONTEXT】 Research Rank: Next5 | Initial Recommendation: ACCUMULATE  【ADVISOR GUIDANCE】 CAUTION: Stock is oversold but in bearish trend - may indicate falling knife scenario. Wait for trend reversal confirmation. | Key Support: ₹315.43 | Key Resistance: ₹378.15"
IOC,28,138.68,34,144.94,4715.12,-210.39,-4.27,165.82,152.19,10.31,BULLISH,0,BUY,regular,CNC,LIMIT,Next5,ACCUMULATE,4000,3883,"【FUNDAMENTAL ANALYSIS】 Q3 PAT ₹12,125.9 Cr, up sharply (vs ₹2,874 Cr)  【CURRENT HOLDINGS】 Holding Qty: 34 shares | Avg Cost: ₹144.94 | Current Price: ₹138.68 | P&L: ₹-210.39 (-4.27%) | → SMALL LOSS: Evaluate averaging down if fundamentals strong  【TECHNICAL ANALYSIS】 Current Price: ₹138.68 | 50-Day Moving Average: ₹165.82 (Price is 16.4% below 50DMA) |   → Short-term trend: BEARISH (trading below 50DMA) | 200-Day Moving Average: ₹152.19 (Price is 8.9% below 200DMA) |   → Long-term trend: BEARISH (trading below 200DMA) | DMA Crossover: GOLDEN CROSS (50DMA > 200DMA) - Bullish signal indicating potential uptrend | RSI(14): 10.3 |   → RSI Signal: OVERSOLD (RSI <= 30) - Stock may be undervalued, potential bounce opportunity  【MOMENTUM SUMMARY】 Overall Momentum Score: 0/4 (NEUTRAL) | Mixed signals - no clear directional bias in technicals  【PORTFOLIO CONTEXT】 Research Rank: Next5 | Initial Recommendation: BUY  【ADVISOR GUIDANCE】 NEUTRAL: Mixed technical signals. Position sizing should be conservative. | Key Support: ₹152.19 | Key Resistance: ₹165.82"
NTPC,7,370.55,172,382.9,63734.6,-2081.3,-3.16,364.48,341.6,45.65,BULLISH,3,BUY,regular,CNC,LIMIT,Top10,STRONG BUY,2666,2593,"【FUNDAMENTAL ANALYSIS】 Q3 PAT +5.85% YoY to ₹4,987 Cr  【CURRENT HOLDINGS】 Holding Qty: 172 shares | Avg Cost: ₹382.90 | Current Price: ₹370.55 | P&L: ₹-2,081.30 (-3.16%) | → SMALL LOSS: Evaluate averaging down if fundamentals strong  【TECHNICAL ANALYSIS】 Current Price: ₹370.55 | 50-Day Moving Average: ₹364.48 (Price is 1.7% above 50DMA) |   → Short-term trend: BULLISH (trading above 50DMA) | 200-Day Moving Average: ₹341.60 (Price is 8.5% above 200DMA) |   → Long-term trend: BULLISH (trading above 200DMA) | DMA Crossover: GOLDEN CROSS (50DMA > 200DMA) - Bullish signal indicating potential uptrend | RSI(14): 45.6 |   → RSI Signal: BEARISH MOMENTUM (RSI 30-50) - Moderate selling pressure  【MOMENTUM SUMMARY】 Overall Momentum Score: 3/4 (STRONG BULLISH) | Multiple bullish signals aligned - price above both DMAs with bullish crossover and positive RSI momentum  【PORTFOLIO CONTEXT】 Research Rank: Top10 | Initial Recommendation: STRONG BUY  【ADVISOR GUIDANCE】 FAVORABLE: Technical setup is bullish with multiple confirming signals. Good entry opportunity on dips. | Key Support: ₹341.60 | Key Resistance: ₹364.48"
COALINDIA,5,453.6,155,405.99,70308.0,7480.75,11.89,434.5,394.07,62.04,BULLISH,4,BUY,regular,CNC,LIMIT,Top15,STRONG BUY,2666,2268,"【FUNDAMENTAL ANALYSIS】 Q3 PAT -15.8% YoY to ₹7,166 Cr  【CURRENT HOLDINGS】 Holding Qty: 155 shares | Avg Cost: ₹405.99 | Current Price: ₹453.60 | P&L: ₹+7,480.75 (+11.89%) | → GOOD PROFIT: Hold with trailing stop-loss  【TECHNICAL ANALYSIS】 Current Price: ₹453.60 | 50-Day Moving Average: ₹434.50 (Price is 4.4% above 50DMA) |   → Short-term trend: BULLISH (trading above 50DMA) | 200-Day Moving Average: ₹394.07 (Price is 15.1% above 200DMA) |   → Long-term trend: BULLISH (trading above 200DMA) | DMA Crossover: GOLDEN CROSS (50DMA > 200DMA) - Bullish signal indicating potential uptrend | RSI(14): 62.0 |   → RSI Signal: BULLISH MOMENTUM (RSI 50-70) - Moderate buying pressure  【MOMENTUM SUMMARY】 Overall Momentum Score: 4/4 (STRONG BULLISH) | Multiple bullish signals aligned - price above both DMAs with bullish crossover and positive RSI momentum  【PORTFOLIO CONTEXT】 Research Rank: Top15 | Initial Recommendation: STRONG BUY  【ADVISOR GUIDANCE】 FAVORABLE: Technical setup is bullish with multiple confirming signals. Good entry opportunity on dips. | Key Support: ₹394.07 | Key Resistance: ₹434.50"
GAIL,19,136.55,12,147.57,1638.6,-132.82,-7.5,158.58,169.97,23.55,BEARISH,-1,BUY,regular,CNC,LIMIT,Top15,SELL,2666,2594,"【FUNDAMENTAL ANALYSIS】 Q3 PAT -57.6% YoY to ₹1,729 Cr  【CURRENT HOLDINGS】 Holding Qty: 12 shares | Avg Cost: ₹147.57 | Current Price: ₹136.55 | P&L: ₹-132.82 (-7.50%) | → SMALL LOSS: Evaluate averaging down if fundamentals strong  【TECHNICAL ANALYSIS】 Current Price: ₹136.55 | 50-Day Moving Average: ₹158.58 (Price is 13.9% below 50DMA) |   → Short-term trend: BEARISH (trading below 50DMA) | 200-Day Moving Average: ₹169.97 (Price is 19.7% below 200DMA) |   → Long-term trend: BEARISH (trading below 200DMA) | DMA Crossover: DEATH CROSS (50DMA < 200DMA) - Bearish signal indicating potential downtrend | RSI(14): 23.6 |   → RSI Signal: OVERSOLD (RSI <= 30) - Stock may be undervalued, potential bounce opportunity  【MOMENTUM SUMMARY】 Overall Momentum Score: -1/4 (BEARISH) | Technical indicators suggest downward pressure - price below key averages with oversold/overbought conditions  【PORTFOLIO CONTEXT】 Research Rank: Top15 | Initial Recommendation: ACCUMULATE  【ADVISOR GUIDANCE】 CAUTION: Stock is oversold but in bearish trend - may indicate falling knife scenario. Wait for trend reversal confirmation. | Key Support: ₹158.58 | Key Resistance: ₹169.97"
BANKBARODA,9,268.4,13,278.86,3489.2,-133.4,-3.68,296.54,269.71,22.76,BULLISH,0,BUY,regular,CNC,LIMIT,Top15,ACCUMULATE,2666,2415,"【FUNDAMENTAL ANALYSIS】 Q3 PAT +4.5% YoY to ₹5,054 Cr  【CURRENT HOLDINGS】 Holding Qty: 13 shares | Avg Cost: ₹278.86 | Current Price: ₹268.40 | P&L: ₹-133.40 (-3.68%) | → SMALL LOSS: Evaluate averaging down if fundamentals strong  【TECHNICAL ANALYSIS】 Current Price: ₹268.40 | 50-Day Moving Average: ₹296.54 (Price is 9.5% below 50DMA) |   → Short-term trend: BEARISH (trading below 50DMA) | 200-Day Moving Average: ₹269.71 (Price is 0.5% below 200DMA) |   → Long-term trend: BEARISH (trading below 200DMA) | DMA Crossover: GOLDEN CROSS (50DMA > 200DMA) - Bullish signal indicating potential uptrend | RSI(14): 22.8 |   → RSI Signal: OVERSOLD (RSI <= 30) - Stock may be undervalued, potential bounce opportunity  【MOMENTUM SUMMARY】 Overall Momentum Score: 0/4 (NEUTRAL) | Mixed signals - no clear directional bias in technicals  【PORTFOLIO CONTEXT】 Research Rank: Top15 | Initial Recommendation: BUY  【ADVISOR GUIDANCE】 NEUTRAL: Mixed technical signals. Position sizing should be conservative. | Key Support: ₹269.71 | Key Resistance: ₹296.54"
FEDERALBNK,10,256.4,18,247.01,4615.2,183.5,4.13,279.87,235.63,24.55,BULLISH,1,BUY,regular,CNC,LIMIT,Top15,BUY,2666,2564,"【FUNDAMENTAL ANALYSIS】 Q3 PAT +9% YoY to ₹1,041 Cr  【CURRENT HOLDINGS】 Holding Qty: 18 shares | Avg Cost: ₹247.01 | Current Price: ₹256.40 | P&L: ₹+183.50 (+4.13%) | → MARGINAL PROFIT: Monitor closely  【TECHNICAL ANALYSIS】 Current Price: ₹256.40 | 50-Day Moving Average: ₹279.87 (Price is 8.4% below 50DMA) |   → Short-term trend: BEARISH (trading below 50DMA) | 200-Day Moving Average: ₹235.63 (Price is 8.8% above 200DMA) |   → Long-term trend: BULLISH (trading above 200DMA) | DMA Crossover: GOLDEN CROSS (50DMA > 200DMA) - Bullish signal indicating potential uptrend | RSI(14): 24.6 |   → RSI Signal: OVERSOLD (RSI <= 30) - Stock may be undervalued, potential bounce opportunity  【MOMENTUM SUMMARY】 Overall Momentum Score: 1/4 (MODERATE BULLISH) | Some bullish signals present but not fully aligned  【PORTFOLIO CONTEXT】 Research Rank: Top15 | Initial Recommendation: BUY  【ADVISOR GUIDANCE】 NEUTRAL: Mixed technical signals. Position sizing should be conservative. | Key Support: ₹235.63 | Key Resistance: ₹279.87"
TATAPOWER,6,385.4,305,376.47,117547.0,3517.1,3.06,373.47,387.08,59.41,BEARISH,2,BUY,regular,CNC,LIMIT,Top15,BUY,2666,2312,"【FUNDAMENTAL ANALYSIS】 Q3 consolidated PAT ~₹772 Cr; generation up 12% (EBITDA)  【CURRENT HOLDINGS】 Holding Qty: 305 shares | Avg Cost: ₹376.47 | Current Price: ₹385.40 | P&L: ₹+3,517.10 (+3.06%) | → MARGINAL PROFIT: Monitor closely  【TECHNICAL ANALYSIS】 Current Price: ₹385.40 | 50-Day Moving Average: ₹373.47 (Price is 3.2% above 50DMA) |   → Short-term trend: BULLISH (trading above 50DMA) | 200-Day Moving Average: ₹387.08 (Price is 0.4% below 200DMA) |   → Long-term trend: BEARISH (trading below 200DMA) | DMA Crossover: DEATH CROSS (50DMA < 200DMA) - Bearish signal indicating potential downtrend | RSI(14): 59.4 |   → RSI Signal: BULLISH MOMENTUM (RSI 50-70) - Moderate buying pressure  【MOMENTUM SUMMARY】 Overall Momentum Score: 2/4 (MODERATE BULLISH) | Some bullish signals present but not fully aligned  【PORTFOLIO CONTEXT】 Research Rank: Top15 | Initial Recommendation: BUY  【ADVISOR GUIDANCE】 NEUTRAL: Mixed technical signals. Position sizing should be conservative. | Key Support: ₹373.47 | Key Resistance: ₹387.08"
ZYDUSLIFE,3,876.65,5,893.89,4383.25,-79.2,-1.77,899.01,952.16,39.86,BEARISH,0,BUY,regular,CNC,LIMIT,Top15,REDUCE,2666,2629,"【FUNDAMENTAL ANALYSIS】 Q3 PAT +1.8% YoY to ₹1,042.1 Cr  【CURRENT HOLDINGS】 Holding Qty: 5 shares | Avg Cost: ₹893.89 | Current Price: ₹876.65 | P&L: ₹-79.20 (-1.77%) | → SMALL LOSS: Evaluate averaging down if fundamentals strong  【TECHNICAL ANALYSIS】 Current Price: ₹876.65 | 50-Day Moving Average: ₹899.01 (Price is 2.5% below 50DMA) |   → Short-term trend: BEARISH (trading below 50DMA) | 200-Day Moving Average: ₹952.16 (Price is 7.9% below 200DMA) |   → Long-term trend: BEARISH (trading below 200DMA) | DMA Crossover: DEATH CROSS (50DMA < 200DMA) - Bearish signal indicating potential downtrend | RSI(14): 39.9 |   → RSI Signal: BEARISH MOMENTUM (RSI 30-50) - Moderate selling pressure  【MOMENTUM SUMMARY】 Overall Momentum Score: 0/4 (NEUTRAL) | Mixed signals - no clear directional bias in technicals  【PORTFOLIO CONTEXT】 Research Rank: Top15 | Initial Recommendation: BUY  【ADVISOR GUIDANCE】 UNFAVORABLE: Technical setup is bearish. Consider reducing exposure or waiting for trend reversal. | Key Support: ₹899.01 | Key Resistance: ₹952.16"
GLENMARK,1,2109.7,3,2164.93,6329.1,-156.7,-2.41,2049.33,1967.68,49.12,BULLISH,3,BUY,regular,CNC,LIMIT,Top15,STRONG BUY,2666,2109,"【FUNDAMENTAL ANALYSIS】 Q3 revenue ₹3,900 Cr (+15% YoY), PAT +15.9% to ₹403 Cr  【CURRENT HOLDINGS】 Holding Qty: 3 shares | Avg Cost: ₹2164.93 | Current Price: ₹2109.70 | P&L: ₹-156.70 (-2.41%) | → SMALL LOSS: Evaluate averaging down if fundamentals strong  【TECHNICAL ANALYSIS】 Current Price: ₹2109.70 | 50-Day Moving Average: ₹2049.33 (Price is 2.9% above 50DMA) |   → Short-term trend: BULLISH (trading above 50DMA) | 200-Day Moving Average: ₹1967.68 (Price is 7.2% above 200DMA) |   → Long-term trend: BULLISH (trading above 200DMA) | DMA Crossover: GOLDEN CROSS (50DMA > 200DMA) - Bullish signal indicating potential uptrend | RSI(14): 49.1 |   → RSI Signal: BEARISH MOMENTUM (RSI 30-50) - Moderate selling pressure  【MOMENTUM SUMMARY】 Overall Momentum Score: 3/4 (STRONG BULLISH) | Multiple bullish signals aligned - price above both DMAs with bullish crossover and positive RSI momentum  【PORTFOLIO CONTEXT】 Research Rank: Top15 | Initial Recommendation: STRONG BUY  【ADVISOR GUIDANCE】 FAVORABLE: Technical setup is bullish with multiple confirming signals. Good entry opportunity on dips. | Key Support: ₹1967.68 | Key Resistance: ₹2049.33"
CAPLIPOINT,1,1561.0,0,1649.8,0.0,0.0,-5.32,1732.02,1960.31,24.12,BEARISH,-1,BUY,regular,CNC,LIMIT,Top15,SELL,2666,1561,"【FUNDAMENTAL ANALYSIS】 H1 FY26 net profit +20.6% to ₹307 Cr  【CURRENT HOLDINGS】 No existing position - Fresh entry opportunity  【TECHNICAL ANALYSIS】 Current Price: ₹1561.00 | 50-Day Moving Average: ₹1732.02 (Price is 9.9% below 50DMA) |   → Short-term trend: BEARISH (trading below 50DMA) | 200-Day Moving Average: ₹1960.31 (Price is 20.4% below 200DMA) |   → Long-term trend: BEARISH (trading below 200DMA) | DMA Crossover: DEATH CROSS (50DMA < 200DMA) - Bearish signal indicating potential downtrend | RSI(14): 24.1 |   → RSI Signal: OVERSOLD (RSI <= 30) - Stock may be undervalued, potential bounce opportunity  【MOMENTUM SUMMARY】 Overall Momentum Score: -1/4 (BEARISH) | Technical indicators suggest downward pressure - price below key averages with oversold/overbought conditions  【PORTFOLIO CONTEXT】 Research Rank: Top15 | Initial Recommendation: ACCUMULATE  【ADVISOR GUIDANCE】 CAUTION: Stock is oversold but in bearish trend - may indicate falling knife scenario. Wait for trend reversal confirmation. | Key Support: ₹1732.02 | Key Resistance: ₹1960.31"
HUDCO,16,166.1,10,173.95,1661.0,-74.5,-4.28,191.88,216.8,33.3,BEARISH,0,BUY,regular,CNC,LIMIT,Top15,SELL,2666,2657,【FUNDAMENTAL ANALYSIS】 Q3 PAT jumped ~78% YoY (₹117 Cr vs ₹66 Cr); strong order backlog in housing infrastructure  【CURRENT HOLDINGS】 Holding Qty: 10 shares | Avg Cost: ₹173.95 | Current Price: ₹166.10 | P&L: ₹-74.50 (-4.28%) | → SMALL LOSS: Evaluate averaging down if fundamentals strong  【TECHNICAL ANALYSIS】 Current Price: ₹166.10 | 50-Day Moving Average: ₹191.88 (Price is 13.4% below 50DMA) |   → Short-term trend: BEARISH (trading below 50DMA) | 200-Day Moving Average: ₹216.80 (Price is 23.4% below 200DMA) |   → Long-term trend: BEARISH (trading below 200DMA) | DMA Crossover: DEATH CROSS (50DMA < 200DMA) - Bearish signal indicating potential downtrend | RSI(14): 33.3 |   → RSI Signal: BEARISH MOMENTUM (RSI 30-50) - Moderate selling pressure  【MOMENTUM SUMMARY】 Overall Momentum Score: 0/4 (NEUTRAL) | Mixed signals - no clear directional bias in technicals  【PORTFOLIO CONTEXT】 Research Rank: Top15 | Initial Recommendation: BUY  【ADVISOR GUIDANCE】 UNFAVORABLE: Technical setup is bearish. Consider reducing exposure or waiting for trend reversal. | Key Support: ₹191.88 | Key Resistance: ₹216.80
NMDC,17,75.24,1006,75.5,75691.44,-400.14,-0.53,79.56,73.82,36.99,BULLISH,2,BUY,regular,CNC,LIMIT,Top25,STRONG BUY,1333,1279,"【FUNDAMENTAL ANALYSIS】 Q3 PAT ₹1,747 Cr (-8% YoY)  【CURRENT HOLDINGS】 Holding Qty: 1006 shares | Avg Cost: ₹75.50 | Current Price: ₹75.24 | P&L: ₹-400.14 (-0.53%) | → SMALL LOSS: Evaluate averaging down if fundamentals strong  【TECHNICAL ANALYSIS】 Current Price: ₹75.24 | 50-Day Moving Average: ₹79.56 (Price is 5.4% below 50DMA) |   → Short-term trend: BEARISH (trading below 50DMA) | 200-Day Moving Average: ₹73.82 (Price is 1.9% above 200DMA) |   → Long-term trend: BULLISH (trading above 200DMA) | DMA Crossover: GOLDEN CROSS (50DMA > 200DMA) - Bullish signal indicating potential uptrend | RSI(14): 37.0 |   → RSI Signal: BEARISH MOMENTUM (RSI 30-50) - Moderate selling pressure  【MOMENTUM SUMMARY】 Overall Momentum Score: 2/4 (MODERATE BULLISH) | Some bullish signals present but not fully aligned  【PORTFOLIO CONTEXT】 Research Rank: Top25 | Initial Recommendation: BUY  【ADVISOR GUIDANCE】 FAVORABLE: Technical setup is bullish with multiple confirming signals. Good entry opportunity on dips. | Key Support: ₹73.82 | Key Resistance: ₹79.56"
SAIL,9,145.12,5,152.78,725.6,-28.89,-3.78,154.68,137.89,31.63,BULLISH,2,BUY,regular,CNC,LIMIT,Top25,BUY,1333,1306,【FUNDAMENTAL ANALYSIS】 Q3FY26 PAT -25% YoY (₹300 Cr vs ₹399 Cr) as steel demand softened; long-term revival tied to capex  【CURRENT HOLDINGS】 Holding Qty: 5 shares | Avg Cost: ₹152.78 | Current Price: ₹145.12 | P&L: ₹-28.89 (-3.78%) | → SMALL LOSS: Evaluate averaging down if fundamentals strong  【TECHNICAL ANALYSIS】 Current Price: ₹145.12 | 50-Day Moving Average: ₹154.68 (Price is 6.2% below 50DMA) |   → Short-term trend: BEARISH (trading below 50DMA) | 200-Day Moving Average: ₹137.89 (Price is 5.2% above 200DMA) |   → Long-term trend: BULLISH (trading above 200DMA) | DMA Crossover: GOLDEN CROSS (50DMA > 200DMA) - Bullish signal indicating potential uptrend | RSI(14): 31.6 |   → RSI Signal: BEARISH MOMENTUM (RSI 30-50) - Moderate selling pressure  【MOMENTUM SUMMARY】 Overall Momentum Score: 2/4 (MODERATE BULLISH) | Some bullish signals present but not fully aligned  【PORTFOLIO CONTEXT】 Research Rank: Top25 | Initial Recommendation: BUY  【ADVISOR GUIDANCE】 FAVORABLE: Technical setup is bullish with multiple confirming signals. Good entry opportunity on dips. | Key Support: ₹137.89 | Key Resistance: ₹154.68
JKTYRE,3,394.0,4,422.86,1576.0,-103.45,-6.12,502.17,422.41,30.35,BULLISH,1,BUY,regular,CNC,LIMIT,Top25,REDUCE,1333,1182,【FUNDAMENTAL ANALYSIS】 CV/two-wheeler tire volumes under pressure; expect recovery with auto demand. Held for turnaround potential  【CURRENT HOLDINGS】 Holding Qty: 4 shares | Avg Cost: ₹422.86 | Current Price: ₹394.00 | P&L: ₹-103.45 (-6.12%) | → SMALL LOSS: Evaluate averaging down if fundamentals strong  【TECHNICAL ANALYSIS】 Current Price: ₹394.00 | 50-Day Moving Average: ₹502.17 (Price is 21.5% below 50DMA) |   → Short-term trend: BEARISH (trading below 50DMA) | 200-Day Moving Average: ₹422.41 (Price is 6.7% below 200DMA) |   → Long-term trend: BEARISH (trading below 200DMA) | DMA Crossover: GOLDEN CROSS (50DMA > 200DMA) - Bullish signal indicating potential uptrend | RSI(14): 30.4 |   → RSI Signal: BEARISH MOMENTUM (RSI 30-50) - Moderate selling pressure  【MOMENTUM SUMMARY】 Overall Momentum Score: 1/4 (MODERATE BULLISH) | Some bullish signals present but not fully aligned  【PORTFOLIO CONTEXT】 Research Rank: Top25 | Initial Recommendation: ACCUMULATE  【ADVISOR GUIDANCE】 NEUTRAL: Mixed technical signals. Position sizing should be conservative. | Key Support: ₹422.41 | Key Resistance: ₹502.17
ASHOKLEY,8,161.73,6,175.46,970.38,-76.83,-7.3,194.14,152.97,21.27,BULLISH,1,BUY,regular,CNC,LIMIT,Top25,BUY,1333,1293,"【FUNDAMENTAL ANALYSIS】 Q3 PAT down ~53% YoY (₹203 Cr vs ₹431 Cr) due to one-offs  【CURRENT HOLDINGS】 Holding Qty: 6 shares | Avg Cost: ₹175.46 | Current Price: ₹161.73 | P&L: ₹-76.83 (-7.30%) | → SMALL LOSS: Evaluate averaging down if fundamentals strong  【TECHNICAL ANALYSIS】 Current Price: ₹161.73 | 50-Day Moving Average: ₹194.14 (Price is 16.7% below 50DMA) |   → Short-term trend: BEARISH (trading below 50DMA) | 200-Day Moving Average: ₹152.97 (Price is 5.7% above 200DMA) |   → Long-term trend: BULLISH (trading above 200DMA) | DMA Crossover: GOLDEN CROSS (50DMA > 200DMA) - Bullish signal indicating potential uptrend | RSI(14): 21.3 |   → RSI Signal: OVERSOLD (RSI <= 30) - Stock may be undervalued, potential bounce opportunity  【MOMENTUM SUMMARY】 Overall Momentum Score: 1/4 (MODERATE BULLISH) | Some bullish signals present but not fully aligned  【PORTFOLIO CONTEXT】 Research Rank: Top25 | Initial Recommendation: ACCUMULATE  【ADVISOR GUIDANCE】 NEUTRAL: Mixed technical signals. Position sizing should be conservative. | Key Support: ₹152.97 | Key Resistance: ₹194.14"
PNCINFRA,7,175.2,6,186.79,1051.2,-61.73,-5.51,213.98,269.67,28.93,BEARISH,-1,BUY,regular,CNC,LIMIT,Top25,SELL,1333,1226,"【FUNDAMENTAL ANALYSIS】 Wind-power developer; Q3 subdued, but healthy O&M backlog. Yield pick as a PSU project stock  【CURRENT HOLDINGS】 Holding Qty: 6 shares | Avg Cost: ₹186.79 | Current Price: ₹175.20 | P&L: ₹-61.73 (-5.51%) | → SMALL LOSS: Evaluate averaging down if fundamentals strong  【TECHNICAL ANALYSIS】 Current Price: ₹175.20 | 50-Day Moving Average: ₹213.98 (Price is 18.1% below 50DMA) |   → Short-term trend: BEARISH (trading below 50DMA) | 200-Day Moving Average: ₹269.67 (Price is 35.0% below 200DMA) |   → Long-term trend: BEARISH (trading below 200DMA) | DMA Crossover: DEATH CROSS (50DMA < 200DMA) - Bearish signal indicating potential downtrend | RSI(14): 28.9 |   → RSI Signal: OVERSOLD (RSI <= 30) - Stock may be undervalued, potential bounce opportunity  【MOMENTUM SUMMARY】 Overall Momentum Score: -1/4 (BEARISH) | Technical indicators suggest downward pressure - price below key averages with oversold/overbought conditions  【PORTFOLIO CONTEXT】 Research Rank: Top25 | Initial Recommendation: HOLD  【ADVISOR GUIDANCE】 CAUTION: Stock is oversold but in bearish trend - may indicate falling knife scenario. Wait for trend reversal confirmation. | Key Support: ₹213.98 | Key Resistance: ₹269.67"
GPPL,9,145.29,6,152.44,871.74,-40.46,-4.42,169.34,162.94,24.54,BULLISH,0,BUY,regular,CNC,LIMIT,Top25,ACCUMULATE,1333,1307,"【FUNDAMENTAL ANALYSIS】 Gujarat PSU gas pipeline co. Steady business; pays decent dividends. Modest growth, safe play  【CURRENT HOLDINGS】 Holding Qty: 6 shares | Avg Cost: ₹152.44 | Current Price: ₹145.29 | P&L: ₹-40.46 (-4.42%) | → SMALL LOSS: Evaluate averaging down if fundamentals strong  【TECHNICAL ANALYSIS】 Current Price: ₹145.29 | 50-Day Moving Average: ₹169.34 (Price is 14.2% below 50DMA) |   → Short-term trend: BEARISH (trading below 50DMA) | 200-Day Moving Average: ₹162.94 (Price is 10.8% below 200DMA) |   → Long-term trend: BEARISH (trading below 200DMA) | DMA Crossover: GOLDEN CROSS (50DMA > 200DMA) - Bullish signal indicating potential uptrend | RSI(14): 24.5 |   → RSI Signal: OVERSOLD (RSI <= 30) - Stock may be undervalued, potential bounce opportunity  【MOMENTUM SUMMARY】 Overall Momentum Score: 0/4 (NEUTRAL) | Mixed signals - no clear directional bias in technicals  【PORTFOLIO CONTEXT】 Research Rank: Top25 | Initial Recommendation: ACCUMULATE  【ADVISOR GUIDANCE】 NEUTRAL: Mixed technical signals. Position sizing should be conservative. | Key Support: ₹162.94 | Key Resistance: ₹169.34"
AEGISLOG,2,578.75,4,614.25,2315.0,-122.8,-5.0,678.87,737.47,27.34,BEARISH,-1,BUY,regular,CNC,LIMIT,Top25,SELL,1333,1157,"【FUNDAMENTAL ANALYSIS】 Q3 revenue flat; long-term operator of chemical terminals/CCFL. Niche logistics play with high ROE  【CURRENT HOLDINGS】 Holding Qty: 4 shares | Avg Cost: ₹614.25 | Current Price: ₹578.75 | P&L: ₹-122.80 (-5.00%) | → SMALL LOSS: Evaluate averaging down if fundamentals strong  【TECHNICAL ANALYSIS】 Current Price: ₹578.75 | 50-Day Moving Average: ₹678.87 (Price is 14.7% below 50DMA) |   → Short-term trend: BEARISH (trading below 50DMA) | 200-Day Moving Average: ₹737.47 (Price is 21.5% below 200DMA) |   → Long-term trend: BEARISH (trading below 200DMA) | DMA Crossover: DEATH CROSS (50DMA < 200DMA) - Bearish signal indicating potential downtrend | RSI(14): 27.3 |   → RSI Signal: OVERSOLD (RSI <= 30) - Stock may be undervalued, potential bounce opportunity  【MOMENTUM SUMMARY】 Overall Momentum Score: -1/4 (BEARISH) | Technical indicators suggest downward pressure - price below key averages with oversold/overbought conditions  【PORTFOLIO CONTEXT】 Research Rank: Top25 | Initial Recommendation: HOLD  【ADVISOR GUIDANCE】 CAUTION: Stock is oversold but in bearish trend - may indicate falling knife scenario. Wait for trend reversal confirmation. | Key Support: ₹678.87 | Key Resistance: ₹737.47"
WELSPUNLIV,12,108.89,8,111.17,871.12,-18.95,-2.13,126.22,128.72,29.71,BEARISH,-1,BUY,regular,CNC,LIMIT,Top25,SELL,1333,1306,"【FUNDAMENTAL ANALYSIS】 Rooms & Textiles co. Q3 beat estimates but industry weak. High leverage; speculative turnaround bet  【CURRENT HOLDINGS】 Holding Qty: 8 shares | Avg Cost: ₹111.17 | Current Price: ₹108.89 | P&L: ₹-18.95 (-2.13%) | → SMALL LOSS: Evaluate averaging down if fundamentals strong  【TECHNICAL ANALYSIS】 Current Price: ₹108.89 | 50-Day Moving Average: ₹126.22 (Price is 13.7% below 50DMA) |   → Short-term trend: BEARISH (trading below 50DMA) | 200-Day Moving Average: ₹128.72 (Price is 15.4% below 200DMA) |   → Long-term trend: BEARISH (trading below 200DMA) | DMA Crossover: DEATH CROSS (50DMA < 200DMA) - Bearish signal indicating potential downtrend | RSI(14): 29.7 |   → RSI Signal: OVERSOLD (RSI <= 30) - Stock may be undervalued, potential bounce opportunity  【MOMENTUM SUMMARY】 Overall Momentum Score: -1/4 (BEARISH) | Technical indicators suggest downward pressure - price below key averages with oversold/overbought conditions  【PORTFOLIO CONTEXT】 Research Rank: Top25 | Initial Recommendation: HOLD  【ADVISOR GUIDANCE】 CAUTION: Stock is oversold but in bearish trend - may indicate falling knife scenario. Wait for trend reversal confirmation. | Key Support: ₹126.22 | Key Resistance: ₹128.72"
LTFOODS,3,365.0,3,391.17,1095.0,-73.1,-6.23,388.11,423.26,45.96,BEARISH,0,BUY,regular,CNC,LIMIT,Top25,REDUCE,1333,1095,"【FUNDAMENTAL ANALYSIS】 Market leader in basmati rice. Q3 saw margin pressure, but edible oil/RTR growth provides stability  【CURRENT HOLDINGS】 Holding Qty: 3 shares | Avg Cost: ₹391.17 | Current Price: ₹365.00 | P&L: ₹-73.10 (-6.23%) | → SMALL LOSS: Evaluate averaging down if fundamentals strong  【TECHNICAL ANALYSIS】 Current Price: ₹365.00 | 50-Day Moving Average: ₹388.11 (Price is 6.0% below 50DMA) |   → Short-term trend: BEARISH (trading below 50DMA) | 200-Day Moving Average: ₹423.26 (Price is 13.8% below 200DMA) |   → Long-term trend: BEARISH (trading below 200DMA) | DMA Crossover: DEATH CROSS (50DMA < 200DMA) - Bearish signal indicating potential downtrend | RSI(14): 46.0 |   → RSI Signal: BEARISH MOMENTUM (RSI 30-50) - Moderate selling pressure  【MOMENTUM SUMMARY】 Overall Momentum Score: 0/4 (NEUTRAL) | Mixed signals - no clear directional bias in technicals  【PORTFOLIO CONTEXT】 Research Rank: Top25 | Initial Recommendation: ACCUMULATE  【ADVISOR GUIDANCE】 UNFAVORABLE: Technical setup is bearish. Consider reducing exposure or waiting for trend reversal. | Key Support: ₹388.11 | Key Resistance: ₹423.26"
BERGEPAINT,3,410.85,4,415.73,1643.4,-36.5,-2.19,463.14,529.47,29.69,BEARISH,-1,BUY,regular,CNC,LIMIT,Top25,SELL,1333,1232,"【FUNDAMENTAL ANALYSIS】 Q3 paint demand muted; PAT down. Long-term leader in paint sector. Held as thematic play  【CURRENT HOLDINGS】 Holding Qty: 4 shares | Avg Cost: ₹415.73 | Current Price: ₹410.85 | P&L: ₹-36.50 (-2.19%) | → SMALL LOSS: Evaluate averaging down if fundamentals strong  【TECHNICAL ANALYSIS】 Current Price: ₹410.85 | 50-Day Moving Average: ₹463.14 (Price is 11.3% below 50DMA) |   → Short-term trend: BEARISH (trading below 50DMA) | 200-Day Moving Average: ₹529.47 (Price is 22.4% below 200DMA) |   → Long-term trend: BEARISH (trading below 200DMA) | DMA Crossover: DEATH CROSS (50DMA < 200DMA) - Bearish signal indicating potential downtrend | RSI(14): 29.7 |   → RSI Signal: OVERSOLD (RSI <= 30) - Stock may be undervalued, potential bounce opportunity  【MOMENTUM SUMMARY】 Overall Momentum Score: -1/4 (BEARISH) | Technical indicators suggest downward pressure - price below key averages with oversold/overbought conditions  【PORTFOLIO CONTEXT】 Research Rank: Top25 | Initial Recommendation: HOLD  【ADVISOR GUIDANCE】 CAUTION: Stock is oversold but in bearish trend - may indicate falling knife scenario. Wait for trend reversal confirmation. | Key Support: ₹463.14 | Key Resistance: ₹529.47"
NCLIND,8,163.99,6,175.99,983.94,-81.54,-7.72,186.04,204.33,28.36,BEARISH,-1,BUY,regular,CNC,LIMIT,Top25,SELL,1333,1311,"【FUNDAMENTAL ANALYSIS】 Cement co. with tight supply. Volatile commodity sector; use cautiously for dividend  【CURRENT HOLDINGS】 Holding Qty: 6 shares | Avg Cost: ₹175.99 | Current Price: ₹163.99 | P&L: ₹-81.54 (-7.72%) | → SMALL LOSS: Evaluate averaging down if fundamentals strong  【TECHNICAL ANALYSIS】 Current Price: ₹163.99 | 50-Day Moving Average: ₹186.04 (Price is 11.9% below 50DMA) |   → Short-term trend: BEARISH (trading below 50DMA) | 200-Day Moving Average: ₹204.33 (Price is 19.7% below 200DMA) |   → Long-term trend: BEARISH (trading below 200DMA) | DMA Crossover: DEATH CROSS (50DMA < 200DMA) - Bearish signal indicating potential downtrend | RSI(14): 28.4 |   → RSI Signal: OVERSOLD (RSI <= 30) - Stock may be undervalued, potential bounce opportunity  【MOMENTUM SUMMARY】 Overall Momentum Score: -1/4 (BEARISH) | Technical indicators suggest downward pressure - price below key averages with oversold/overbought conditions  【PORTFOLIO CONTEXT】 Research Rank: Top25 | Initial Recommendation: HOLD  【ADVISOR GUIDANCE】 CAUTION: Stock is oversold but in bearish trend - may indicate falling knife scenario. Wait for trend reversal confirmation. | Key Support: ₹186.04 | Key Resistance: ₹204.33"
GIPCL,10,126.05,6,131.89,756.3,-26.92,-3.4,139.59,171.65,38.55,BEARISH,0,BUY,regular,CNC,LIMIT,Top25,SELL,1333,1260,"【FUNDAMENTAL ANALYSIS】 Gas and power PSU; steady cash flows. Modest P/E, utility yield stock  【CURRENT HOLDINGS】 Holding Qty: 6 shares | Avg Cost: ₹131.89 | Current Price: ₹126.05 | P&L: ₹-26.92 (-3.40%) | → SMALL LOSS: Evaluate averaging down if fundamentals strong  【TECHNICAL ANALYSIS】 Current Price: ₹126.05 | 50-Day Moving Average: ₹139.59 (Price is 9.7% below 50DMA) |   → Short-term trend: BEARISH (trading below 50DMA) | 200-Day Moving Average: ₹171.65 (Price is 26.6% below 200DMA) |   → Long-term trend: BEARISH (trading below 200DMA) | DMA Crossover: DEATH CROSS (50DMA < 200DMA) - Bearish signal indicating potential downtrend | RSI(14): 38.5 |   → RSI Signal: BEARISH MOMENTUM (RSI 30-50) - Moderate selling pressure  【MOMENTUM SUMMARY】 Overall Momentum Score: 0/4 (NEUTRAL) | Mixed signals - no clear directional bias in technicals  【PORTFOLIO CONTEXT】 Research Rank: Top25 | Initial Recommendation: ACCUMULATE  【ADVISOR GUIDANCE】 UNFAVORABLE: Technical setup is bearish. Consider reducing exposure or waiting for trend reversal. | Key Support: ₹139.59 | Key Resistance: ₹171.65"
NAVKARCORP,16,80.3,9,85.18,722.7,-42.85,-5.59,94.49,109.17,30.81,BEARISH,0,BUY,regular,CNC,LIMIT,Top25,SELL,1333,1284,【FUNDAMENTAL ANALYSIS】 Port logistics co. Booming EXIM volumes. PAT volatile but long-term growth visible  【CURRENT HOLDINGS】 Holding Qty: 9 shares | Avg Cost: ₹85.18 | Current Price: ₹80.30 | P&L: ₹-42.85 (-5.59%) | → SMALL LOSS: Evaluate averaging down if fundamentals strong  【TECHNICAL ANALYSIS】 Current Price: ₹80.30 | 50-Day Moving Average: ₹94.49 (Price is 15.0% below 50DMA) |   → Short-term trend: BEARISH (trading below 50DMA) | 200-Day Moving Average: ₹109.17 (Price is 26.4% below 200DMA) |   → Long-term trend: BEARISH (trading below 200DMA) | DMA Crossover: DEATH CROSS (50DMA < 200DMA) - Bearish signal indicating potential downtrend | RSI(14): 30.8 |   → RSI Signal: BEARISH MOMENTUM (RSI 30-50) - Moderate selling pressure  【MOMENTUM SUMMARY】 Overall Momentum Score: 0/4 (NEUTRAL) | Mixed signals - no clear directional bias in technicals  【PORTFOLIO CONTEXT】 Research Rank: Top25 | Initial Recommendation: ACCUMULATE  【ADVISOR GUIDANCE】 UNFAVORABLE: Technical setup is bearish. Consider reducing exposure or waiting for trend reversal. | Key Support: ₹94.49 | Key Resistance: ₹109.17
MOREPENLAB,37,35.31,18,37.89,635.58,-45.84,-6.72,38.64,48.09,23.48,BEARISH,-1,BUY,regular,CNC,LIMIT,Top25,SELL,1333,1306,"【FUNDAMENTAL ANALYSIS】 Generic pharma; stocks at 52-week low, improving margins. High risk/reward on turnaround execution  【CURRENT HOLDINGS】 Holding Qty: 18 shares | Avg Cost: ₹37.89 | Current Price: ₹35.31 | P&L: ₹-45.84 (-6.72%) | → SMALL LOSS: Evaluate averaging down if fundamentals strong  【TECHNICAL ANALYSIS】 Current Price: ₹35.31 | 50-Day Moving Average: ₹38.64 (Price is 8.6% below 50DMA) |   → Short-term trend: BEARISH (trading below 50DMA) | 200-Day Moving Average: ₹48.09 (Price is 26.6% below 200DMA) |   → Long-term trend: BEARISH (trading below 200DMA) | DMA Crossover: DEATH CROSS (50DMA < 200DMA) - Bearish signal indicating potential downtrend | RSI(14): 23.5 |   → RSI Signal: OVERSOLD (RSI <= 30) - Stock may be undervalued, potential bounce opportunity  【MOMENTUM SUMMARY】 Overall Momentum Score: -1/4 (BEARISH) | Technical indicators suggest downward pressure - price below key averages with oversold/overbought conditions  【PORTFOLIO CONTEXT】 Research Rank: Top25 | Initial Recommendation: HOLD  【ADVISOR GUIDANCE】 CAUTION: Stock is oversold but in bearish trend - may indicate falling knife scenario. Wait for trend reversal confirmation. | Key Support: ₹38.64 | Key Resistance: ₹48.09"
ALEMBICLTD,17,75.88,10,79.83,758.8,-36.16,-4.53,91.28,102.43,24.04,BEARISH,-1,BUY,regular,CNC,LIMIT,Top25,SELL,1333,1289,"【FUNDAMENTAL ANALYSIS】 API and formulations. Growth slowed by base. Valuation high; watch US business recovery  【CURRENT HOLDINGS】 Holding Qty: 10 shares | Avg Cost: ₹79.83 | Current Price: ₹75.88 | P&L: ₹-36.16 (-4.53%) | → SMALL LOSS: Evaluate averaging down if fundamentals strong  【TECHNICAL ANALYSIS】 Current Price: ₹75.88 | 50-Day Moving Average: ₹91.28 (Price is 16.9% below 50DMA) |   → Short-term trend: BEARISH (trading below 50DMA) | 200-Day Moving Average: ₹102.43 (Price is 25.9% below 200DMA) |   → Long-term trend: BEARISH (trading below 200DMA) | DMA Crossover: DEATH CROSS (50DMA < 200DMA) - Bearish signal indicating potential downtrend | RSI(14): 24.0 |   → RSI Signal: OVERSOLD (RSI <= 30) - Stock may be undervalued, potential bounce opportunity  【MOMENTUM SUMMARY】 Overall Momentum Score: -1/4 (BEARISH) | Technical indicators suggest downward pressure - price below key averages with oversold/overbought conditions  【PORTFOLIO CONTEXT】 Research Rank: Top25 | Initial Recommendation: HOLD  【ADVISOR GUIDANCE】 CAUTION: Stock is oversold but in bearish trend - may indicate falling knife scenario. Wait for trend reversal confirmation. | Key Support: ₹91.28 | Key Resistance: ₹102.43"
SUZLON,33,39.87,462,41.16,18419.94,-481.85,-2.53,45.0,55.28,45.24,BEARISH,0,BUY,regular,CNC,LIMIT,Top25,SELL,1333,1315,【FUNDAMENTAL ANALYSIS】 Wind turbine co. (near-bankrupt). Extremely high risk; held only for multi-bagger hope if turnaround  【CURRENT HOLDINGS】 Holding Qty: 462 shares | Avg Cost: ₹41.16 | Current Price: ₹39.87 | P&L: ₹-481.85 (-2.53%) | → SMALL LOSS: Evaluate averaging down if fundamentals strong  【TECHNICAL ANALYSIS】 Current Price: ₹39.87 | 50-Day Moving Average: ₹45.00 (Price is 11.4% below 50DMA) |   → Short-term trend: BEARISH (trading below 50DMA) | 200-Day Moving Average: ₹55.28 (Price is 27.9% below 200DMA) |   → Long-term trend: BEARISH (trading below 200DMA) | DMA Crossover: DEATH CROSS (50DMA < 200DMA) - Bearish signal indicating potential downtrend | RSI(14): 45.2 |   → RSI Signal: BEARISH MOMENTUM (RSI 30-50) - Moderate selling pressure  【MOMENTUM SUMMARY】 Overall Momentum Score: 0/4 (NEUTRAL) | Mixed signals - no clear directional bias in technicals  【PORTFOLIO CONTEXT】 Research Rank: Top25 | Initial Recommendation: ACCUMULATE  【ADVISOR GUIDANCE】 UNFAVORABLE: Technical setup is bearish. Consider reducing exposure or waiting for trend reversal. | Key Support: ₹45.00 | Key Resistance: ₹55.28
SJVN,20,66.47,11,69.45,731.17,-28.12,-3.68,73.14,85.57,42.43,BEARISH,0,BUY,regular,CNC,LIMIT,Top25,REDUCE,1333,1329,"【FUNDAMENTAL ANALYSIS】 Hydro power PSU. Q3 PAT steady ~₹500+ Cr; modest growth. High dividend yield, government backing  【CURRENT HOLDINGS】 Holding Qty: 11 shares | Avg Cost: ₹69.45 | Current Price: ₹66.47 | P&L: ₹-28.12 (-3.68%) | → SMALL LOSS: Evaluate averaging down if fundamentals strong  【TECHNICAL ANALYSIS】 Current Price: ₹66.47 | 50-Day Moving Average: ₹73.14 (Price is 9.1% below 50DMA) |   → Short-term trend: BEARISH (trading below 50DMA) | 200-Day Moving Average: ₹85.57 (Price is 22.3% below 200DMA) |   → Long-term trend: BEARISH (trading below 200DMA) | DMA Crossover: DEATH CROSS (50DMA < 200DMA) - Bearish signal indicating potential downtrend | RSI(14): 42.4 |   → RSI Signal: BEARISH MOMENTUM (RSI 30-50) - Moderate selling pressure  【MOMENTUM SUMMARY】 Overall Momentum Score: 0/4 (NEUTRAL) | Mixed signals - no clear directional bias in technicals  【PORTFOLIO CONTEXT】 Research Rank: Top25 | Initial Recommendation: ACCUMULATE  【ADVISOR GUIDANCE】 UNFAVORABLE: Technical setup is bearish. Consider reducing exposure or waiting for trend reversal. | Key Support: ₹73.14 | Key Resistance: ₹85.57"
NHPC,17,74.98,10,76.75,749.8,-15.37,-2.0,76.76,81.49,57.59,BEARISH,1,BUY,regular,CNC,LIMIT,Top25,ACCUMULATE,1333,1274,【FUNDAMENTAL ANALYSIS】 Another hydro PSU. Stable cash flows; growth limited. Good dividend (~7%)  【CURRENT HOLDINGS】 Holding Qty: 10 shares | Avg Cost: ₹76.75 | Current Price: ₹74.98 | P&L: ₹-15.37 (-2.00%) | → SMALL LOSS: Evaluate averaging down if fundamentals strong  【TECHNICAL ANALYSIS】 Current Price: ₹74.98 | 50-Day Moving Average: ₹76.76 (Price is 2.3% below 50DMA) |   → Short-term trend: BEARISH (trading below 50DMA) | 200-Day Moving Average: ₹81.49 (Price is 8.0% below 200DMA) |   → Long-term trend: BEARISH (trading below 200DMA) | DMA Crossover: DEATH CROSS (50DMA < 200DMA) - Bearish signal indicating potential downtrend | RSI(14): 57.6 |   → RSI Signal: BULLISH MOMENTUM (RSI 50-70) - Moderate buying pressure  【MOMENTUM SUMMARY】 Overall Momentum Score: 1/4 (MODERATE BULLISH) | Some bullish signals present but not fully aligned  【PORTFOLIO CONTEXT】 Research Rank: Top25 | Initial Recommendation: ACCUMULATE  【ADVISOR GUIDANCE】 NEUTRAL: Mixed technical signals. Position sizing should be conservative. | Key Support: ₹76.76 | Key Resistance: ₹81.49
ATULAUTO,3,393.7,4,419.64,1574.8,-98.95,-5.89,444.1,459.48,21.1,BEARISH,-1,BUY,regular,CNC,LIMIT,Top25,SELL,1333,1181,"【FUNDAMENTAL ANALYSIS】 Three-wheeler/EV co. Q3 growth paused; strong balance sheet. Valuation high at 60x EPS  【CURRENT HOLDINGS】 Holding Qty: 4 shares | Avg Cost: ₹419.64 | Current Price: ₹393.70 | P&L: ₹-98.95 (-5.89%) | → SMALL LOSS: Evaluate averaging down if fundamentals strong  【TECHNICAL ANALYSIS】 Current Price: ₹393.70 | 50-Day Moving Average: ₹444.10 (Price is 11.3% below 50DMA) |   → Short-term trend: BEARISH (trading below 50DMA) | 200-Day Moving Average: ₹459.48 (Price is 14.3% below 200DMA) |   → Long-term trend: BEARISH (trading below 200DMA) | DMA Crossover: DEATH CROSS (50DMA < 200DMA) - Bearish signal indicating potential downtrend | RSI(14): 21.1 |   → RSI Signal: OVERSOLD (RSI <= 30) - Stock may be undervalued, potential bounce opportunity  【MOMENTUM SUMMARY】 Overall Momentum Score: -1/4 (BEARISH) | Technical indicators suggest downward pressure - price below key averages with oversold/overbought conditions  【PORTFOLIO CONTEXT】 Research Rank: Top25 | Initial Recommendation: HOLD  【ADVISOR GUIDANCE】 CAUTION: Stock is oversold but in bearish trend - may indicate falling knife scenario. Wait for trend reversal confirmation. | Key Support: ₹444.10 | Key Resistance: ₹459.48"
AKZOINDIA,0,2765.1,13,2842.49,35946.3,-860.5,-2.33,2940.38,3282.26,42.43,BEARISH,0,BUY,regular,CNC,LIMIT,Top25,SELL,1333,0,"【FUNDAMENTAL ANALYSIS】 Agent for AkzoNobel paints. Small volume; earnings volatile. High margin, but niche exposure  【CURRENT HOLDINGS】 Holding Qty: 13 shares | Avg Cost: ₹2842.49 | Current Price: ₹2765.10 | P&L: ₹-860.50 (-2.33%) | → SMALL LOSS: Evaluate averaging down if fundamentals strong  【TECHNICAL ANALYSIS】 Current Price: ₹2765.10 | 50-Day Moving Average: ₹2940.38 (Price is 6.0% below 50DMA) |   → Short-term trend: BEARISH (trading below 50DMA) | 200-Day Moving Average: ₹3282.26 (Price is 15.8% below 200DMA) |   → Long-term trend: BEARISH (trading below 200DMA) | DMA Crossover: DEATH CROSS (50DMA < 200DMA) - Bearish signal indicating potential downtrend | RSI(14): 42.4 |   → RSI Signal: BEARISH MOMENTUM (RSI 30-50) - Moderate selling pressure  【MOMENTUM SUMMARY】 Overall Momentum Score: 0/4 (NEUTRAL) | Mixed signals - no clear directional bias in technicals  【PORTFOLIO CONTEXT】 Research Rank: Top25 | Initial Recommendation: ACCUMULATE  【ADVISOR GUIDANCE】 UNFAVORABLE: Technical setup is bearish. Consider reducing exposure or waiting for trend reversal. | Key Support: ₹2940.38 | Key Resistance: ₹3282.26"
SOLARINDS,0,12348.0,21,13225.38,259308.0,-18173.0,-6.54,13478.92,14142.77,29.38,BEARISH,-1,BUY,regular,CNC,LIMIT,HOLDING,SELL,0,0,"【FUNDAMENTAL ANALYSIS】 Existing holding: 21 shares @ ₹13225.38 avg cost. P&L: ₹-18,173.00 (-6.54%)  【CURRENT HOLDINGS】 Holding Qty: 21 shares | Avg Cost: ₹13225.38 | Current Price: ₹12348.00 | P&L: ₹-18,173.00 (-6.54%) | → SMALL LOSS: Evaluate averaging down if fundamentals strong  【TECHNICAL ANALYSIS】 Current Price: ₹12348.00 | 50-Day Moving Average: ₹13478.92 (Price is 8.4% below 50DMA) |   → Short-term trend: BEARISH (trading below 50DMA) | 200-Day Moving Average: ₹14142.77 (Price is 12.7% below 200DMA) |   → Long-term trend: BEARISH (trading below 200DMA) | DMA Crossover: DEATH CROSS (50DMA < 200DMA) - Bearish signal indicating potential downtrend | RSI(14): 29.4 |   → RSI Signal: OVERSOLD (RSI <= 30) - Stock may be undervalued, potential bounce opportunity  【MOMENTUM SUMMARY】 Overall Momentum Score: -1/4 (BEARISH) | Technical indicators suggest downward pressure - price below key averages with oversold/overbought conditions  【PORTFOLIO CONTEXT】 Research Rank: HOLDING | Initial Recommendation: REDUCE  【ADVISOR GUIDANCE】 CAUTION: Stock is oversold but in bearish trend - may indicate falling knife scenario. Wait for trend reversal confirmation. | Key Support: ₹13478.92 | Key Resistance: ₹14142.77"
PAYTM,0,996.3,100,1048.9,99630.0,-5260.0,-5.01,1144.72,1166.21,39.78,BEARISH,0,BUY,regular,CNC,LIMIT,HOLDING,SELL,0,0,"【FUNDAMENTAL ANALYSIS】 Existing holding: 100 shares @ ₹1048.90 avg cost. P&L: ₹-5,260.00 (-5.01%)  【CURRENT HOLDINGS】 Holding Qty: 100 shares | Avg Cost: ₹1048.90 | Current Price: ₹996.30 | P&L: ₹-5,260.00 (-5.01%) | → SMALL LOSS: Evaluate averaging down if fundamentals strong  【TECHNICAL ANALYSIS】 Current Price: ₹996.30 | 50-Day Moving Average: ₹1144.72 (Price is 13.0% below 50DMA) |   → Short-term trend: BEARISH (trading below 50DMA) | 200-Day Moving Average: ₹1166.21 (Price is 14.6% below 200DMA) |   → Long-term trend: BEARISH (trading below 200DMA) | DMA Crossover: DEATH CROSS (50DMA < 200DMA) - Bearish signal indicating potential downtrend | RSI(14): 39.8 |   → RSI Signal: BEARISH MOMENTUM (RSI 30-50) - Moderate selling pressure  【MOMENTUM SUMMARY】 Overall Momentum Score: 0/4 (NEUTRAL) | Mixed signals - no clear directional bias in technicals  【PORTFOLIO CONTEXT】 Research Rank: HOLDING | Initial Recommendation: REVIEW  【ADVISOR GUIDANCE】 UNFAVORABLE: Technical setup is bearish. Consider reducing exposure or waiting for trend reversal. | Key Support: ₹1144.72 | Key Resistance: ₹1166.21"
AIAENG,0,3333.1,13,3570.1,43330.3,-3381.3,-7.29,3840.45,3513.56,30.52,BULLISH,1,BUY,regular,CNC,LIMIT,HOLDING,ACCUMULATE,0,0,"【FUNDAMENTAL ANALYSIS】 Existing holding: 13 shares @ ₹3570.10 avg cost. P&L: ₹-3,381.30 (-7.29%)  【CURRENT HOLDINGS】 Holding Qty: 13 shares | Avg Cost: ₹3570.10 | Current Price: ₹3333.10 | P&L: ₹-3,381.30 (-7.29%) | → SMALL LOSS: Evaluate averaging down if fundamentals strong  【TECHNICAL ANALYSIS】 Current Price: ₹3333.10 | 50-Day Moving Average: ₹3840.45 (Price is 13.2% below 50DMA) |   → Short-term trend: BEARISH (trading below 50DMA) | 200-Day Moving Average: ₹3513.56 (Price is 5.1% below 200DMA) |   → Long-term trend: BEARISH (trading below 200DMA) | DMA Crossover: GOLDEN CROSS (50DMA > 200DMA) - Bullish signal indicating potential uptrend | RSI(14): 30.5 |   → RSI Signal: BEARISH MOMENTUM (RSI 30-50) - Moderate selling pressure  【MOMENTUM SUMMARY】 Overall Momentum Score: 1/4 (MODERATE BULLISH) | Some bullish signals present but not fully aligned  【PORTFOLIO CONTEXT】 Research Rank: HOLDING | Initial Recommendation: HOLD  【ADVISOR GUIDANCE】 NEUTRAL: Mixed technical signals. Position sizing should be conservative. | Key Support: ₹3513.56 | Key Resistance: ₹3840.45"
APOLLOHOSP,0,7106.0,12,7297.66,85272.0,-2545.95,-2.91,7360.62,7419.72,23.82,BEARISH,-1,BUY,regular,CNC,LIMIT,HOLDING,SELL,0,0,"【FUNDAMENTAL ANALYSIS】 Existing holding: 12 shares @ ₹7297.66 avg cost. P&L: ₹-2,545.95 (-2.91%)  【CURRENT HOLDINGS】 Holding Qty: 12 shares | Avg Cost: ₹7297.66 | Current Price: ₹7106.00 | P&L: ₹-2,545.95 (-2.91%) | → SMALL LOSS: Evaluate averaging down if fundamentals strong  【TECHNICAL ANALYSIS】 Current Price: ₹7106.00 | 50-Day Moving Average: ₹7360.62 (Price is 3.5% below 50DMA) |   → Short-term trend: BEARISH (trading below 50DMA) | 200-Day Moving Average: ₹7419.72 (Price is 4.2% below 200DMA) |   → Long-term trend: BEARISH (trading below 200DMA) | DMA Crossover: DEATH CROSS (50DMA < 200DMA) - Bearish signal indicating potential downtrend | RSI(14): 23.8 |   → RSI Signal: OVERSOLD (RSI <= 30) - Stock may be undervalued, potential bounce opportunity  【MOMENTUM SUMMARY】 Overall Momentum Score: -1/4 (BEARISH) | Technical indicators suggest downward pressure - price below key averages with oversold/overbought conditions  【PORTFOLIO CONTEXT】 Research Rank: HOLDING | Initial Recommendation: REDUCE  【ADVISOR GUIDANCE】 CAUTION: Stock is oversold but in bearish trend - may indicate falling knife scenario. Wait for trend reversal confirmation. | Key Support: ₹7360.62 | Key Resistance: ₹7419.72"
BEL,0,406.5,105,427.74,42682.5,-2036.15,-4.53,435.57,409.99,31.56,BULLISH,1,BUY,regular,CNC,LIMIT,HOLDING,ACCUMULATE,0,0,"【FUNDAMENTAL ANALYSIS】 Existing holding: 105 shares @ ₹427.74 avg cost. P&L: ₹-2,036.15 (-4.53%)  【CURRENT HOLDINGS】 Holding Qty: 105 shares | Avg Cost: ₹427.74 | Current Price: ₹406.50 | P&L: ₹-2,036.15 (-4.53%) | → SMALL LOSS: Evaluate averaging down if fundamentals strong  【TECHNICAL ANALYSIS】 Current Price: ₹406.50 | 50-Day Moving Average: ₹435.57 (Price is 6.7% below 50DMA) |   → Short-term trend: BEARISH (trading below 50DMA) | 200-Day Moving Average: ₹409.99 (Price is 0.9% below 200DMA) |   → Long-term trend: BEARISH (trading below 200DMA) | DMA Crossover: GOLDEN CROSS (50DMA > 200DMA) - Bullish signal indicating potential uptrend | RSI(14): 31.6 |   → RSI Signal: BEARISH MOMENTUM (RSI 30-50) - Moderate selling pressure  【MOMENTUM SUMMARY】 Overall Momentum Score: 1/4 (MODERATE BULLISH) | Some bullish signals present but not fully aligned  【PORTFOLIO CONTEXT】 Research Rank: HOLDING | Initial Recommendation: HOLD  【ADVISOR GUIDANCE】 NEUTRAL: Mixed technical signals. Position sizing should be conservative. | Key Support: ₹409.99 | Key Resistance: ₹435.57"
MAZDOCK,0,2201.5,12,2339.21,26418.0,-1453.3,-5.18,2382.34,2718.92,49.6,BEARISH,0,BUY,regular,CNC,LIMIT,HOLDING,SELL,0,0,"【FUNDAMENTAL ANALYSIS】 Existing holding: 12 shares @ ₹2339.21 avg cost. P&L: ₹-1,453.30 (-5.18%)  【CURRENT HOLDINGS】 Holding Qty: 12 shares | Avg Cost: ₹2339.21 | Current Price: ₹2201.50 | P&L: ₹-1,453.30 (-5.18%) | → SMALL LOSS: Evaluate averaging down if fundamentals strong  【TECHNICAL ANALYSIS】 Current Price: ₹2201.50 | 50-Day Moving Average: ₹2382.34 (Price is 7.6% below 50DMA) |   → Short-term trend: BEARISH (trading below 50DMA) | 200-Day Moving Average: ₹2718.92 (Price is 19.0% below 200DMA) |   → Long-term trend: BEARISH (trading below 200DMA) | DMA Crossover: DEATH CROSS (50DMA < 200DMA) - Bearish signal indicating potential downtrend | RSI(14): 49.6 |   → RSI Signal: BEARISH MOMENTUM (RSI 30-50) - Moderate selling pressure  【MOMENTUM SUMMARY】 Overall Momentum Score: 0/4 (NEUTRAL) | Mixed signals - no clear directional bias in technicals  【PORTFOLIO CONTEXT】 Research Rank: HOLDING | Initial Recommendation: REVIEW  【ADVISOR GUIDANCE】 UNFAVORABLE: Technical setup is bearish. Consider reducing exposure or waiting for trend reversal. | Key Support: ₹2382.34 | Key Resistance: ₹2718.92"
LT,0,3300.0,6,3479.43,19800.0,-1006.4,-4.82,3946.84,3814.12,24.19,BULLISH,0,BUY,regular,CNC,LIMIT,HOLDING,HOLD,0,0,"【FUNDAMENTAL ANALYSIS】 Existing holding: 6 shares @ ₹3479.43 avg cost. P&L: ₹-1,006.40 (-4.82%)  【CURRENT HOLDINGS】 Holding Qty: 6 shares | Avg Cost: ₹3479.43 | Current Price: ₹3300.00 | P&L: ₹-1,006.40 (-4.82%) | → SMALL LOSS: Evaluate averaging down if fundamentals strong  【TECHNICAL ANALYSIS】 Current Price: ₹3300.00 | 50-Day Moving Average: ₹3946.84 (Price is 16.4% below 50DMA) |   → Short-term trend: BEARISH (trading below 50DMA) | 200-Day Moving Average: ₹3814.12 (Price is 13.5% below 200DMA) |   → Long-term trend: BEARISH (trading below 200DMA) | DMA Crossover: GOLDEN CROSS (50DMA > 200DMA) - Bullish signal indicating potential uptrend | RSI(14): 24.2 |   → RSI Signal: OVERSOLD (RSI <= 30) - Stock may be undervalued, potential bounce opportunity  【MOMENTUM SUMMARY】 Overall Momentum Score: 0/4 (NEUTRAL) | Mixed signals - no clear directional bias in technicals  【PORTFOLIO CONTEXT】 Research Rank: HOLDING | Initial Recommendation: REVIEW  【ADVISOR GUIDANCE】 NEUTRAL: Mixed technical signals. Position sizing should be conservative. | Key Support: ₹3814.12 | Key Resistance: ₹3946.84"
ADANIGREEN,0,816.7,17,867.65,13883.9,-835.55,-5.66,910.15,987.5,30.92,BEARISH,0,BUY,regular,CNC,LIMIT,HOLDING,SELL,0,0,【FUNDAMENTAL ANALYSIS】 Existing holding: 17 shares @ ₹867.65 avg cost. P&L: ₹-835.55 (-5.66%)  【CURRENT HOLDINGS】 Holding Qty: 17 shares | Avg Cost: ₹867.65 | Current Price: ₹816.70 | P&L: ₹-835.55 (-5.66%) | → SMALL LOSS: Evaluate averaging down if fundamentals strong  【TECHNICAL ANALYSIS】 Current Price: ₹816.70 | 50-Day Moving Average: ₹910.15 (Price is 10.3% below 50DMA) |   → Short-term trend: BEARISH (trading below 50DMA) | 200-Day Moving Average: ₹987.50 (Price is 17.3% below 200DMA) |   → Long-term trend: BEARISH (trading below 200DMA) | DMA Crossover: DEATH CROSS (50DMA < 200DMA) - Bearish signal indicating potential downtrend | RSI(14): 30.9 |   → RSI Signal: BEARISH MOMENTUM (RSI 30-50) - Moderate selling pressure  【MOMENTUM SUMMARY】 Overall Momentum Score: 0/4 (NEUTRAL) | Mixed signals - no clear directional bias in technicals  【PORTFOLIO CONTEXT】 Research Rank: HOLDING | Initial Recommendation: REVIEW  【ADVISOR GUIDANCE】 UNFAVORABLE: Technical setup is bearish. Consider reducing exposure or waiting for trend reversal. | Key Support: ₹910.15 | Key Resistance: ₹987.50
ICICIBANK,0,1224.7,31,1250.49,37965.7,-799.5,-2.06,1361.06,1392.03,23.8,BEARISH,-1,BUY,regular,CNC,LIMIT,HOLDING,SELL,0,0,"【FUNDAMENTAL ANALYSIS】 Existing holding: 31 shares @ ₹1250.49 avg cost. P&L: ₹-799.50 (-2.06%)  【CURRENT HOLDINGS】 Holding Qty: 31 shares | Avg Cost: ₹1250.49 | Current Price: ₹1224.70 | P&L: ₹-799.50 (-2.06%) | → SMALL LOSS: Evaluate averaging down if fundamentals strong  【TECHNICAL ANALYSIS】 Current Price: ₹1224.70 | 50-Day Moving Average: ₹1361.06 (Price is 10.0% below 50DMA) |   → Short-term trend: BEARISH (trading below 50DMA) | 200-Day Moving Average: ₹1392.03 (Price is 12.0% below 200DMA) |   → Long-term trend: BEARISH (trading below 200DMA) | DMA Crossover: DEATH CROSS (50DMA < 200DMA) - Bearish signal indicating potential downtrend | RSI(14): 23.8 |   → RSI Signal: OVERSOLD (RSI <= 30) - Stock may be undervalued, potential bounce opportunity  【MOMENTUM SUMMARY】 Overall Momentum Score: -1/4 (BEARISH) | Technical indicators suggest downward pressure - price below key averages with oversold/overbought conditions  【PORTFOLIO CONTEXT】 Research Rank: HOLDING | Initial Recommendation: REDUCE  【ADVISOR GUIDANCE】 CAUTION: Stock is oversold but in bearish trend - may indicate falling knife scenario. Wait for trend reversal confirmation. | Key Support: ₹1361.06 | Key Resistance: ₹1392.03"
GICRE,0,357.4,100,365.55,35740.0,-674.5,-1.85,374.55,375.14,40.54,BEARISH,0,BUY,regular,CNC,LIMIT,HOLDING,SELL,0,0,【FUNDAMENTAL ANALYSIS】 Existing holding: 100 shares @ ₹365.55 avg cost. P&L: ₹-674.50 (-1.85%)  【CURRENT HOLDINGS】 Holding Qty: 100 shares | Avg Cost: ₹365.55 | Current Price: ₹357.40 | P&L: ₹-674.50 (-1.85%) | → SMALL LOSS: Evaluate averaging down if fundamentals strong  【TECHNICAL ANALYSIS】 Current Price: ₹357.40 | 50-Day Moving Average: ₹374.55 (Price is 4.6% below 50DMA) |   → Short-term trend: BEARISH (trading below 50DMA) | 200-Day Moving Average: ₹375.14 (Price is 4.7% below 200DMA) |   → Long-term trend: BEARISH (trading below 200DMA) | DMA Crossover: DEATH CROSS (50DMA < 200DMA) - Bearish signal indicating potential downtrend | RSI(14): 40.5 |   → RSI Signal: BEARISH MOMENTUM (RSI 30-50) - Moderate selling pressure  【MOMENTUM SUMMARY】 Overall Momentum Score: 0/4 (NEUTRAL) | Mixed signals - no clear directional bias in technicals  【PORTFOLIO CONTEXT】 Research Rank: HOLDING | Initial Recommendation: REVIEW  【ADVISOR GUIDANCE】 UNFAVORABLE: Technical setup is bearish. Consider reducing exposure or waiting for trend reversal. | Key Support: ₹374.55 | Key Resistance: ₹375.14
MAYURUNIQ,0,492.0,50,503.85,24600.0,-562.5,-2.23,528.39,529.81,34.83,BEARISH,0,BUY,regular,CNC,LIMIT,HOLDING,SELL,0,0,【FUNDAMENTAL ANALYSIS】 Existing holding: 50 shares @ ₹503.85 avg cost. P&L: ₹-562.50 (-2.23%)  【CURRENT HOLDINGS】 Holding Qty: 50 shares | Avg Cost: ₹503.85 | Current Price: ₹492.00 | P&L: ₹-562.50 (-2.23%) | → SMALL LOSS: Evaluate averaging down if fundamentals strong  【TECHNICAL ANALYSIS】 Current Price: ₹492.00 | 50-Day Moving Average: ₹528.39 (Price is 6.9% below 50DMA) |   → Short-term trend: BEARISH (trading below 50DMA) | 200-Day Moving Average: ₹529.81 (Price is 7.1% below 200DMA) |   → Long-term trend: BEARISH (trading below 200DMA) | DMA Crossover: DEATH CROSS (50DMA < 200DMA) - Bearish signal indicating potential downtrend | RSI(14): 34.8 |   → RSI Signal: BEARISH MOMENTUM (RSI 30-50) - Moderate selling pressure  【MOMENTUM SUMMARY】 Overall Momentum Score: 0/4 (NEUTRAL) | Mixed signals - no clear directional bias in technicals  【PORTFOLIO CONTEXT】 Research Rank: HOLDING | Initial Recommendation: REVIEW  【ADVISOR GUIDANCE】 UNFAVORABLE: Technical setup is bearish. Consider reducing exposure or waiting for trend reversal. | Key Support: ₹528.39 | Key Resistance: ₹529.81
ASTRAMICRO,0,898.1,14,925.5,12573.4,-410.9,-3.17,947.1,1003.46,35.32,BEARISH,0,BUY,regular,CNC,LIMIT,HOLDING,SELL,0,0,【FUNDAMENTAL ANALYSIS】 Existing holding: 14 shares @ ₹925.50 avg cost. P&L: ₹-410.90 (-3.17%)  【CURRENT HOLDINGS】 Holding Qty: 14 shares | Avg Cost: ₹925.50 | Current Price: ₹898.10 | P&L: ₹-410.90 (-3.17%) | → SMALL LOSS: Evaluate averaging down if fundamentals strong  【TECHNICAL ANALYSIS】 Current Price: ₹898.10 | 50-Day Moving Average: ₹947.10 (Price is 5.2% below 50DMA) |   → Short-term trend: BEARISH (trading below 50DMA) | 200-Day Moving Average: ₹1003.46 (Price is 10.5% below 200DMA) |   → Long-term trend: BEARISH (trading below 200DMA) | DMA Crossover: DEATH CROSS (50DMA < 200DMA) - Bearish signal indicating potential downtrend | RSI(14): 35.3 |   → RSI Signal: BEARISH MOMENTUM (RSI 30-50) - Moderate selling pressure  【MOMENTUM SUMMARY】 Overall Momentum Score: 0/4 (NEUTRAL) | Mixed signals - no clear directional bias in technicals  【PORTFOLIO CONTEXT】 Research Rank: HOLDING | Initial Recommendation: REVIEW  【ADVISOR GUIDANCE】 UNFAVORABLE: Technical setup is bearish. Consider reducing exposure or waiting for trend reversal. | Key Support: ₹947.10 | Key Resistance: ₹1003.46
SUNPHARMA,0,1766.6,21,1780.01,37098.6,-365.6,-0.98,1717.6,1694.34,53.35,BULLISH,4,BUY,regular,CNC,LIMIT,HOLDING,STRONG BUY,0,0,【FUNDAMENTAL ANALYSIS】 Existing holding: 21 shares @ ₹1780.01 avg cost. P&L: ₹-365.60 (-0.98%)  【CURRENT HOLDINGS】 Holding Qty: 21 shares | Avg Cost: ₹1780.01 | Current Price: ₹1766.60 | P&L: ₹-365.60 (-0.98%) | → SMALL LOSS: Evaluate averaging down if fundamentals strong  【TECHNICAL ANALYSIS】 Current Price: ₹1766.60 | 50-Day Moving Average: ₹1717.60 (Price is 2.9% above 50DMA) |   → Short-term trend: BULLISH (trading above 50DMA) | 200-Day Moving Average: ₹1694.34 (Price is 4.3% above 200DMA) |   → Long-term trend: BULLISH (trading above 200DMA) | DMA Crossover: GOLDEN CROSS (50DMA > 200DMA) - Bullish signal indicating potential uptrend | RSI(14): 53.4 |   → RSI Signal: BULLISH MOMENTUM (RSI 50-70) - Moderate buying pressure  【MOMENTUM SUMMARY】 Overall Momentum Score: 4/4 (STRONG BULLISH) | Multiple bullish signals aligned - price above both DMAs with bullish crossover and positive RSI momentum  【PORTFOLIO CONTEXT】 Research Rank: HOLDING | Initial Recommendation: ACCUMULATE  【ADVISOR GUIDANCE】 FAVORABLE: Technical setup is bullish with multiple confirming signals. Good entry opportunity on dips. | Key Support: ₹1694.34 | Key Resistance: ₹1717.60
ADANIPORTS,0,1305.1,4,1371.95,5220.4,-304.2,-5.54,1455.38,1435.83,30.03,BULLISH,1,BUY,regular,CNC,LIMIT,HOLDING,ACCUMULATE,0,0,【FUNDAMENTAL ANALYSIS】 Existing holding: 4 shares @ ₹1371.95 avg cost. P&L: ₹-304.20 (-5.54%)  【CURRENT HOLDINGS】 Holding Qty: 4 shares | Avg Cost: ₹1371.95 | Current Price: ₹1305.10 | P&L: ₹-304.20 (-5.54%) | → SMALL LOSS: Evaluate averaging down if fundamentals strong  【TECHNICAL ANALYSIS】 Current Price: ₹1305.10 | 50-Day Moving Average: ₹1455.38 (Price is 10.3% below 50DMA) |   → Short-term trend: BEARISH (trading below 50DMA) | 200-Day Moving Average: ₹1435.83 (Price is 9.1% below 200DMA) |   → Long-term trend: BEARISH (trading below 200DMA) | DMA Crossover: GOLDEN CROSS (50DMA > 200DMA) - Bullish signal indicating potential uptrend | RSI(14): 30.0 |   → RSI Signal: BEARISH MOMENTUM (RSI 30-50) - Moderate selling pressure  【MOMENTUM SUMMARY】 Overall Momentum Score: 1/4 (MODERATE BULLISH) | Some bullish signals present but not fully aligned  【PORTFOLIO CONTEXT】 Research Rank: HOLDING | Initial Recommendation: HOLD  【ADVISOR GUIDANCE】 NEUTRAL: Mixed technical signals. Position sizing should be conservative. | Key Support: ₹1435.83 | Key Resistance: ₹1455.38
KEI,0,3961.0,2,4113.0,7922.0,-292.0,-3.55,4420.54,4122.27,13.97,BULLISH,0,BUY,regular,CNC,LIMIT,HOLDING,HOLD,0,0,"【FUNDAMENTAL ANALYSIS】 Existing holding: 2 shares @ ₹4113.00 avg cost. P&L: ₹-292.00 (-3.55%)  【CURRENT HOLDINGS】 Holding Qty: 2 shares | Avg Cost: ₹4113.00 | Current Price: ₹3961.00 | P&L: ₹-292.00 (-3.55%) | → SMALL LOSS: Evaluate averaging down if fundamentals strong  【TECHNICAL ANALYSIS】 Current Price: ₹3961.00 | 50-Day Moving Average: ₹4420.54 (Price is 10.4% below 50DMA) |   → Short-term trend: BEARISH (trading below 50DMA) | 200-Day Moving Average: ₹4122.27 (Price is 3.9% below 200DMA) |   → Long-term trend: BEARISH (trading below 200DMA) | DMA Crossover: GOLDEN CROSS (50DMA > 200DMA) - Bullish signal indicating potential uptrend | RSI(14): 14.0 |   → RSI Signal: OVERSOLD (RSI <= 30) - Stock may be undervalued, potential bounce opportunity  【MOMENTUM SUMMARY】 Overall Momentum Score: 0/4 (NEUTRAL) | Mixed signals - no clear directional bias in technicals  【PORTFOLIO CONTEXT】 Research Rank: HOLDING | Initial Recommendation: REVIEW  【ADVISOR GUIDANCE】 NEUTRAL: Mixed technical signals. Position sizing should be conservative. | Key Support: ₹4122.27 | Key Resistance: ₹4420.54"
AVANTIFEED,0,1125.7,11,1157.0,12382.7,-176.05,-1.38,1090.41,821.97,34.2,BULLISH,3,BUY,regular,CNC,LIMIT,HOLDING,STRONG BUY,0,0,【FUNDAMENTAL ANALYSIS】 Existing holding: 11 shares @ ₹1157.00 avg cost. P&L: ₹-176.05 (-1.38%)  【CURRENT HOLDINGS】 Holding Qty: 11 shares | Avg Cost: ₹1157.00 | Current Price: ₹1125.70 | P&L: ₹-176.05 (-1.38%) | → SMALL LOSS: Evaluate averaging down if fundamentals strong  【TECHNICAL ANALYSIS】 Current Price: ₹1125.70 | 50-Day Moving Average: ₹1090.41 (Price is 3.2% above 50DMA) |   → Short-term trend: BULLISH (trading above 50DMA) | 200-Day Moving Average: ₹821.97 (Price is 37.0% above 200DMA) |   → Long-term trend: BULLISH (trading above 200DMA) | DMA Crossover: GOLDEN CROSS (50DMA > 200DMA) - Bullish signal indicating potential uptrend | RSI(14): 34.2 |   → RSI Signal: BEARISH MOMENTUM (RSI 30-50) - Moderate selling pressure  【MOMENTUM SUMMARY】 Overall Momentum Score: 3/4 (STRONG BULLISH) | Multiple bullish signals aligned - price above both DMAs with bullish crossover and positive RSI momentum  【PORTFOLIO CONTEXT】 Research Rank: HOLDING | Initial Recommendation: ACCUMULATE  【ADVISOR GUIDANCE】 FAVORABLE: Technical setup is bullish with multiple confirming signals. Good entry opportunity on dips. | Key Support: ₹821.97 | Key Resistance: ₹1090.41
TATASTEEL,0,188.01,91,189.69,17108.91,-135.65,-0.79,196.62,174.28,34.66,BULLISH,2,BUY,regular,CNC,LIMIT,HOLDING,STRONG BUY,0,0,【FUNDAMENTAL ANALYSIS】 Existing holding: 91 shares @ ₹189.69 avg cost. P&L: ₹-135.65 (-0.79%)  【CURRENT HOLDINGS】 Holding Qty: 91 shares | Avg Cost: ₹189.69 | Current Price: ₹188.01 | P&L: ₹-135.65 (-0.79%) | → SMALL LOSS: Evaluate averaging down if fundamentals strong  【TECHNICAL ANALYSIS】 Current Price: ₹188.01 | 50-Day Moving Average: ₹196.62 (Price is 4.4% below 50DMA) |   → Short-term trend: BEARISH (trading below 50DMA) | 200-Day Moving Average: ₹174.28 (Price is 7.9% above 200DMA) |   → Long-term trend: BULLISH (trading above 200DMA) | DMA Crossover: GOLDEN CROSS (50DMA > 200DMA) - Bullish signal indicating potential uptrend | RSI(14): 34.7 |   → RSI Signal: BEARISH MOMENTUM (RSI 30-50) - Moderate selling pressure  【MOMENTUM SUMMARY】 Overall Momentum Score: 2/4 (MODERATE BULLISH) | Some bullish signals present but not fully aligned  【PORTFOLIO CONTEXT】 Research Rank: HOLDING | Initial Recommendation: ACCUMULATE  【ADVISOR GUIDANCE】 FAVORABLE: Technical setup is bullish with multiple confirming signals. Good entry opportunity on dips. | Key Support: ₹174.28 | Key Resistance: ₹196.62
AUBANK,0,854.15,5,882.4,4270.75,-110.0,-2.49,969.82,861.83,31.16,BULLISH,1,BUY,regular,CNC,LIMIT,HOLDING,ACCUMULATE,0,0,【FUNDAMENTAL ANALYSIS】 Existing holding: 5 shares @ ₹882.40 avg cost. P&L: ₹-110.00 (-2.49%)  【CURRENT HOLDINGS】 Holding Qty: 5 shares | Avg Cost: ₹882.40 | Current Price: ₹854.15 | P&L: ₹-110.00 (-2.49%) | → SMALL LOSS: Evaluate averaging down if fundamentals strong  【TECHNICAL ANALYSIS】 Current Price: ₹854.15 | 50-Day Moving Average: ₹969.82 (Price is 11.9% below 50DMA) |   → Short-term trend: BEARISH (trading below 50DMA) | 200-Day Moving Average: ₹861.83 (Price is 0.9% below 200DMA) |   → Long-term trend: BEARISH (trading below 200DMA) | DMA Crossover: GOLDEN CROSS (50DMA > 200DMA) - Bullish signal indicating potential uptrend | RSI(14): 31.2 |   → RSI Signal: BEARISH MOMENTUM (RSI 30-50) - Moderate selling pressure  【MOMENTUM SUMMARY】 Overall Momentum Score: 1/4 (MODERATE BULLISH) | Some bullish signals present but not fully aligned  【PORTFOLIO CONTEXT】 Research Rank: HOLDING | Initial Recommendation: HOLD  【ADVISOR GUIDANCE】 NEUTRAL: Mixed technical signals. Position sizing should be conservative. | Key Support: ₹861.83 | Key Resistance: ₹969.82
ESABINDIA,0,5163.5,2,5223.65,10327.0,-82.3,-0.79,5520.65,5388.94,37.92,BULLISH,1,BUY,regular,CNC,LIMIT,HOLDING,ACCUMULATE,0,0,【FUNDAMENTAL ANALYSIS】 Existing holding: 2 shares @ ₹5223.65 avg cost. P&L: ₹-82.30 (-0.79%)  【CURRENT HOLDINGS】 Holding Qty: 2 shares | Avg Cost: ₹5223.65 | Current Price: ₹5163.50 | P&L: ₹-82.30 (-0.79%) | → SMALL LOSS: Evaluate averaging down if fundamentals strong  【TECHNICAL ANALYSIS】 Current Price: ₹5163.50 | 50-Day Moving Average: ₹5520.65 (Price is 6.5% below 50DMA) |   → Short-term trend: BEARISH (trading below 50DMA) | 200-Day Moving Average: ₹5388.94 (Price is 4.2% below 200DMA) |   → Long-term trend: BEARISH (trading below 200DMA) | DMA Crossover: GOLDEN CROSS (50DMA > 200DMA) - Bullish signal indicating potential uptrend | RSI(14): 37.9 |   → RSI Signal: BEARISH MOMENTUM (RSI 30-50) - Moderate selling pressure  【MOMENTUM SUMMARY】 Overall Momentum Score: 1/4 (MODERATE BULLISH) | Some bullish signals present but not fully aligned  【PORTFOLIO CONTEXT】 Research Rank: HOLDING | Initial Recommendation: HOLD  【ADVISOR GUIDANCE】 NEUTRAL: Mixed technical signals. Position sizing should be conservative. | Key Support: ₹5388.94 | Key Resistance: ₹5520.65
TCS,0,2383.5,15,2389.37,35752.5,-42.35,-0.12,2819.12,3078.31,21.04,BEARISH,-1,BUY,regular,CNC,LIMIT,HOLDING,SELL,0,0,"【FUNDAMENTAL ANALYSIS】 Existing holding: 15 shares @ ₹2389.37 avg cost. P&L: ₹-42.35 (-0.12%)  【CURRENT HOLDINGS】 Holding Qty: 15 shares | Avg Cost: ₹2389.37 | Current Price: ₹2383.50 | P&L: ₹-42.35 (-0.12%) | → SMALL LOSS: Evaluate averaging down if fundamentals strong  【TECHNICAL ANALYSIS】 Current Price: ₹2383.50 | 50-Day Moving Average: ₹2819.12 (Price is 15.5% below 50DMA) |   → Short-term trend: BEARISH (trading below 50DMA) | 200-Day Moving Average: ₹3078.31 (Price is 22.6% below 200DMA) |   → Long-term trend: BEARISH (trading below 200DMA) | DMA Crossover: DEATH CROSS (50DMA < 200DMA) - Bearish signal indicating potential downtrend | RSI(14): 21.0 |   → RSI Signal: OVERSOLD (RSI <= 30) - Stock may be undervalued, potential bounce opportunity  【MOMENTUM SUMMARY】 Overall Momentum Score: -1/4 (BEARISH) | Technical indicators suggest downward pressure - price below key averages with oversold/overbought conditions  【PORTFOLIO CONTEXT】 Research Rank: HOLDING | Initial Recommendation: REDUCE  【ADVISOR GUIDANCE】 CAUTION: Stock is oversold but in bearish trend - may indicate falling knife scenario. Wait for trend reversal confirmation. | Key Support: ₹2819.12 | Key Resistance: ₹3078.31"
CUMMINSIND,0,4432.2,2,4428.15,8864.4,43.7,0.49,4426.21,4067.06,37.91,BULLISH,3,BUY,regular,CNC,LIMIT,HOLDING,STRONG BUY,0,0,【FUNDAMENTAL ANALYSIS】 Existing holding: 2 shares @ ₹4428.15 avg cost. P&L: ₹43.70 (0.49%)  【CURRENT HOLDINGS】 Holding Qty: 2 shares | Avg Cost: ₹4428.15 | Current Price: ₹4432.20 | P&L: ₹+43.70 (+0.49%) | → MARGINAL PROFIT: Monitor closely  【TECHNICAL ANALYSIS】 Current Price: ₹4432.20 | 50-Day Moving Average: ₹4426.21 (Price is 0.1% above 50DMA) |   → Short-term trend: BULLISH (trading above 50DMA) | 200-Day Moving Average: ₹4067.06 (Price is 9.0% above 200DMA) |   → Long-term trend: BULLISH (trading above 200DMA) | DMA Crossover: GOLDEN CROSS (50DMA > 200DMA) - Bullish signal indicating potential uptrend | RSI(14): 37.9 |   → RSI Signal: BEARISH MOMENTUM (RSI 30-50) - Moderate selling pressure  【MOMENTUM SUMMARY】 Overall Momentum Score: 3/4 (STRONG BULLISH) | Multiple bullish signals aligned - price above both DMAs with bullish crossover and positive RSI momentum  【PORTFOLIO CONTEXT】 Research Rank: HOLDING | Initial Recommendation: ACCUMULATE  【ADVISOR GUIDANCE】 FAVORABLE: Technical setup is bullish with multiple confirming signals. Good entry opportunity on dips. | Key Support: ₹4067.06 | Key Resistance: ₹4426.21
HCLTECH,0,1352.5,5,1335.2,6762.5,77.5,1.16,1513.11,1552.53,45.62,BEARISH,0,BUY,regular,CNC,LIMIT,HOLDING,SELL,0,0,【FUNDAMENTAL ANALYSIS】 Existing holding: 5 shares @ ₹1335.20 avg cost. P&L: ₹77.50 (1.16%)  【CURRENT HOLDINGS】 Holding Qty: 5 shares | Avg Cost: ₹1335.20 | Current Price: ₹1352.50 | P&L: ₹+77.50 (+1.16%) | → MARGINAL PROFIT: Monitor closely  【TECHNICAL ANALYSIS】 Current Price: ₹1352.50 | 50-Day Moving Average: ₹1513.11 (Price is 10.6% below 50DMA) |   → Short-term trend: BEARISH (trading below 50DMA) | 200-Day Moving Average: ₹1552.53 (Price is 12.9% below 200DMA) |   → Long-term trend: BEARISH (trading below 200DMA) | DMA Crossover: DEATH CROSS (50DMA < 200DMA) - Bearish signal indicating potential downtrend | RSI(14): 45.6 |   → RSI Signal: BEARISH MOMENTUM (RSI 30-50) - Moderate selling pressure  【MOMENTUM SUMMARY】 Overall Momentum Score: 0/4 (NEUTRAL) | Mixed signals - no clear directional bias in technicals  【PORTFOLIO CONTEXT】 Research Rank: HOLDING | Initial Recommendation: REVIEW  【ADVISOR GUIDANCE】 UNFAVORABLE: Technical setup is bearish. Consider reducing exposure or waiting for trend reversal. | Key Support: ₹1513.11 | Key Resistance: ₹1552.53
JINDALSAW,0,178.75,10,171.8,1787.5,105.6,6.15,181.82,194.29,50.16,BEARISH,1,BUY,regular,CNC,LIMIT,HOLDING,REDUCE,0,0,【FUNDAMENTAL ANALYSIS】 Existing holding: 10 shares @ ₹171.80 avg cost. P&L: ₹105.60 (6.15%)  【CURRENT HOLDINGS】 Holding Qty: 10 shares | Avg Cost: ₹171.80 | Current Price: ₹178.75 | P&L: ₹+105.60 (+6.15%) | → MARGINAL PROFIT: Monitor closely  【TECHNICAL ANALYSIS】 Current Price: ₹178.75 | 50-Day Moving Average: ₹181.82 (Price is 1.7% below 50DMA) |   → Short-term trend: BEARISH (trading below 50DMA) | 200-Day Moving Average: ₹194.29 (Price is 8.0% below 200DMA) |   → Long-term trend: BEARISH (trading below 200DMA) | DMA Crossover: DEATH CROSS (50DMA < 200DMA) - Bearish signal indicating potential downtrend | RSI(14): 50.2 |   → RSI Signal: BULLISH MOMENTUM (RSI 50-70) - Moderate buying pressure  【MOMENTUM SUMMARY】 Overall Momentum Score: 1/4 (MODERATE BULLISH) | Some bullish signals present but not fully aligned  【PORTFOLIO CONTEXT】 Research Rank: HOLDING | Initial Recommendation: HOLD  【ADVISOR GUIDANCE】 NEUTRAL: Mixed technical signals. Position sizing should be conservative. | Key Support: ₹181.82 | Key Resistance: ₹194.29
NITINSPIN,0,352.9,11,336.0,3881.9,188.65,5.1,347.65,346.56,38.51,BULLISH,3,BUY,regular,CNC,LIMIT,HOLDING,STRONG BUY,0,0,【FUNDAMENTAL ANALYSIS】 Existing holding: 11 shares @ ₹336.00 avg cost. P&L: ₹188.65 (5.10%)  【CURRENT HOLDINGS】 Holding Qty: 11 shares | Avg Cost: ₹336.00 | Current Price: ₹352.90 | P&L: ₹+188.65 (+5.10%) | → MARGINAL PROFIT: Monitor closely  【TECHNICAL ANALYSIS】 Current Price: ₹352.90 | 50-Day Moving Average: ₹347.65 (Price is 1.5% above 50DMA) |   → Short-term trend: BULLISH (trading above 50DMA) | 200-Day Moving Average: ₹346.56 (Price is 1.8% above 200DMA) |   → Long-term trend: BULLISH (trading above 200DMA) | DMA Crossover: GOLDEN CROSS (50DMA > 200DMA) - Bullish signal indicating potential uptrend | RSI(14): 38.5 |   → RSI Signal: BEARISH MOMENTUM (RSI 30-50) - Moderate selling pressure  【MOMENTUM SUMMARY】 Overall Momentum Score: 3/4 (STRONG BULLISH) | Multiple bullish signals aligned - price above both DMAs with bullish crossover and positive RSI momentum  【PORTFOLIO CONTEXT】 Research Rank: HOLDING | Initial Recommendation: ACCUMULATE  【ADVISOR GUIDANCE】 FAVORABLE: Technical setup is bullish with multiple confirming signals. Good entry opportunity on dips. | Key Support: ₹346.56 | Key Resistance: ₹347.65
FINCABLES,0,823.75,5,792.0,4118.75,208.0,5.25,810.92,833.06,35.24,BEARISH,1,BUY,regular,CNC,LIMIT,HOLDING,HOLD,0,0,【FUNDAMENTAL ANALYSIS】 Existing holding: 5 shares @ ₹792.00 avg cost. P&L: ₹208.00 (5.25%)  【CURRENT HOLDINGS】 Holding Qty: 5 shares | Avg Cost: ₹792.00 | Current Price: ₹823.75 | P&L: ₹+208.00 (+5.25%) | → MARGINAL PROFIT: Monitor closely  【TECHNICAL ANALYSIS】 Current Price: ₹823.75 | 50-Day Moving Average: ₹810.92 (Price is 1.6% above 50DMA) |   → Short-term trend: BULLISH (trading above 50DMA) | 200-Day Moving Average: ₹833.06 (Price is 1.1% below 200DMA) |   → Long-term trend: BEARISH (trading below 200DMA) | DMA Crossover: DEATH CROSS (50DMA < 200DMA) - Bearish signal indicating potential downtrend | RSI(14): 35.2 |   → RSI Signal: BEARISH MOMENTUM (RSI 30-50) - Moderate selling pressure  【MOMENTUM SUMMARY】 Overall Momentum Score: 1/4 (MODERATE BULLISH) | Some bullish signals present but not fully aligned  【PORTFOLIO CONTEXT】 Research Rank: HOLDING | Initial Recommendation: HOLD  【ADVISOR GUIDANCE】 NEUTRAL: Mixed technical signals. Position sizing should be conservative. | Key Support: ₹810.92 | Key Resistance: ₹833.06
ONGC,0,266.55,99,263.84,26388.45,328.0,1.26,261.09,239.5,32.34,BULLISH,3,BUY,regular,CNC,LIMIT,HOLDING,STRONG BUY,0,0,【FUNDAMENTAL ANALYSIS】 Existing holding: 99 shares @ ₹263.84 avg cost. P&L: ₹328.00 (1.26%)  【CURRENT HOLDINGS】 Holding Qty: 99 shares | Avg Cost: ₹263.84 | Current Price: ₹266.55 | P&L: ₹+328.00 (+1.26%) | → MARGINAL PROFIT: Monitor closely  【TECHNICAL ANALYSIS】 Current Price: ₹266.55 | 50-Day Moving Average: ₹261.09 (Price is 2.1% above 50DMA) |   → Short-term trend: BULLISH (trading above 50DMA) | 200-Day Moving Average: ₹239.50 (Price is 11.3% above 200DMA) |   → Long-term trend: BULLISH (trading above 200DMA) | DMA Crossover: GOLDEN CROSS (50DMA > 200DMA) - Bullish signal indicating potential uptrend | RSI(14): 32.3 |   → RSI Signal: BEARISH MOMENTUM (RSI 30-50) - Moderate selling pressure  【MOMENTUM SUMMARY】 Overall Momentum Score: 3/4 (STRONG BULLISH) | Multiple bullish signals aligned - price above both DMAs with bullish crossover and positive RSI momentum  【PORTFOLIO CONTEXT】 Research Rank: HOLDING | Initial Recommendation: ACCUMULATE  【ADVISOR GUIDANCE】 FAVORABLE: Technical setup is bullish with multiple confirming signals. Good entry opportunity on dips. | Key Support: ₹239.50 | Key Resistance: ₹261.09
ATUL,0,6138.5,1,5853.0,6138.5,332.5,5.68,6290.53,6375.48,38.19,BEARISH,0,BUY,regular,CNC,LIMIT,HOLDING,SELL,0,0,【FUNDAMENTAL ANALYSIS】 Existing holding: 1 shares @ ₹5853.00 avg cost. P&L: ₹332.50 (5.68%)  【CURRENT HOLDINGS】 Holding Qty: 1 shares | Avg Cost: ₹5853.00 | Current Price: ₹6138.50 | P&L: ₹+332.50 (+5.68%) | → MARGINAL PROFIT: Monitor closely  【TECHNICAL ANALYSIS】 Current Price: ₹6138.50 | 50-Day Moving Average: ₹6290.53 (Price is 2.4% below 50DMA) |   → Short-term trend: BEARISH (trading below 50DMA) | 200-Day Moving Average: ₹6375.48 (Price is 3.7% below 200DMA) |   → Long-term trend: BEARISH (trading below 200DMA) | DMA Crossover: DEATH CROSS (50DMA < 200DMA) - Bearish signal indicating potential downtrend | RSI(14): 38.2 |   → RSI Signal: BEARISH MOMENTUM (RSI 30-50) - Moderate selling pressure  【MOMENTUM SUMMARY】 Overall Momentum Score: 0/4 (NEUTRAL) | Mixed signals - no clear directional bias in technicals  【PORTFOLIO CONTEXT】 Research Rank: HOLDING | Initial Recommendation: REVIEW  【ADVISOR GUIDANCE】 UNFAVORABLE: Technical setup is bearish. Consider reducing exposure or waiting for trend reversal. | Key Support: ₹6290.53 | Key Resistance: ₹6375.48
POWERGRID,0,297.0,12,268.5,3564.0,347.4,10.78,284.47,283.36,50.27,BULLISH,4,BUY,regular,CNC,LIMIT,HOLDING,STRONG BUY,0,0,【FUNDAMENTAL ANALYSIS】 Existing holding: 12 shares @ ₹268.50 avg cost. P&L: ₹347.40 (10.78%)  【CURRENT HOLDINGS】 Holding Qty: 12 shares | Avg Cost: ₹268.50 | Current Price: ₹297.00 | P&L: ₹+347.40 (+10.78%) | → GOOD PROFIT: Hold with trailing stop-loss  【TECHNICAL ANALYSIS】 Current Price: ₹297.00 | 50-Day Moving Average: ₹284.47 (Price is 4.4% above 50DMA) |   → Short-term trend: BULLISH (trading above 50DMA) | 200-Day Moving Average: ₹283.36 (Price is 4.8% above 200DMA) |   → Long-term trend: BULLISH (trading above 200DMA) | DMA Crossover: GOLDEN CROSS (50DMA > 200DMA) - Bullish signal indicating potential uptrend | RSI(14): 50.3 |   → RSI Signal: BULLISH MOMENTUM (RSI 50-70) - Moderate buying pressure  【MOMENTUM SUMMARY】 Overall Momentum Score: 4/4 (STRONG BULLISH) | Multiple bullish signals aligned - price above both DMAs with bullish crossover and positive RSI momentum  【PORTFOLIO CONTEXT】 Research Rank: HOLDING | Initial Recommendation: ACCUMULATE  【ADVISOR GUIDANCE】 FAVORABLE: Technical setup is bullish with multiple confirming signals. Good entry opportunity on dips. | Key Support: ₹283.36 | Key Resistance: ₹284.47
AUROPHARMA,0,1275.5,6,1210.43,7653.0,366.4,5.05,1198.97,1150.47,62.17,BULLISH,4,BUY,regular,CNC,LIMIT,HOLDING,STRONG BUY,0,0,【FUNDAMENTAL ANALYSIS】 Existing holding: 6 shares @ ₹1210.43 avg cost. P&L: ₹366.40 (5.05%)  【CURRENT HOLDINGS】 Holding Qty: 6 shares | Avg Cost: ₹1210.43 | Current Price: ₹1275.50 | P&L: ₹+366.40 (+5.05%) | → MARGINAL PROFIT: Monitor closely  【TECHNICAL ANALYSIS】 Current Price: ₹1275.50 | 50-Day Moving Average: ₹1198.97 (Price is 6.4% above 50DMA) |   → Short-term trend: BULLISH (trading above 50DMA) | 200-Day Moving Average: ₹1150.47 (Price is 10.9% above 200DMA) |   → Long-term trend: BULLISH (trading above 200DMA) | DMA Crossover: GOLDEN CROSS (50DMA > 200DMA) - Bullish signal indicating potential uptrend | RSI(14): 62.2 |   → RSI Signal: BULLISH MOMENTUM (RSI 50-70) - Moderate buying pressure  【MOMENTUM SUMMARY】 Overall Momentum Score: 4/4 (STRONG BULLISH) | Multiple bullish signals aligned - price above both DMAs with bullish crossover and positive RSI momentum  【PORTFOLIO CONTEXT】 Research Rank: HOLDING | Initial Recommendation: ACCUMULATE  【ADVISOR GUIDANCE】 FAVORABLE: Technical setup is bullish with multiple confirming signals. Good entry opportunity on dips. | Key Support: ₹1150.47 | Key Resistance: ₹1198.97
LUPIN,0,2293.1,2,2067.9,4586.2,444.6,10.75,2231.88,2050.46,47.57,BULLISH,3,BUY,regular,CNC,LIMIT,HOLDING,STRONG BUY,0,0,【FUNDAMENTAL ANALYSIS】 Existing holding: 2 shares @ ₹2067.90 avg cost. P&L: ₹444.60 (10.75%)  【CURRENT HOLDINGS】 Holding Qty: 2 shares | Avg Cost: ₹2067.90 | Current Price: ₹2293.10 | P&L: ₹+444.60 (+10.75%) | → GOOD PROFIT: Hold with trailing stop-loss  【TECHNICAL ANALYSIS】 Current Price: ₹2293.10 | 50-Day Moving Average: ₹2231.88 (Price is 2.7% above 50DMA) |   → Short-term trend: BULLISH (trading above 50DMA) | 200-Day Moving Average: ₹2050.46 (Price is 11.8% above 200DMA) |   → Long-term trend: BULLISH (trading above 200DMA) | DMA Crossover: GOLDEN CROSS (50DMA > 200DMA) - Bullish signal indicating potential uptrend | RSI(14): 47.6 |   → RSI Signal: BEARISH MOMENTUM (RSI 30-50) - Moderate selling pressure  【MOMENTUM SUMMARY】 Overall Momentum Score: 3/4 (STRONG BULLISH) | Multiple bullish signals aligned - price above both DMAs with bullish crossover and positive RSI momentum  【PORTFOLIO CONTEXT】 Research Rank: HOLDING | Initial Recommendation: ACCUMULATE  【ADVISOR GUIDANCE】 FAVORABLE: Technical setup is bullish with multiple confirming signals. Good entry opportunity on dips. | Key Support: ₹2050.46 | Key Resistance: ₹2231.88
DATAPATTNS,0,3029.9,4,2880.9,12119.6,758.8,6.58,2869.34,2783.1,43.36,BULLISH,3,BUY,regular,CNC,LIMIT,HOLDING,STRONG BUY,0,0,【FUNDAMENTAL ANALYSIS】 Existing holding: 4 shares @ ₹2880.90 avg cost. P&L: ₹758.80 (6.58%)  【CURRENT HOLDINGS】 Holding Qty: 4 shares | Avg Cost: ₹2880.90 | Current Price: ₹3029.90 | P&L: ₹+758.80 (+6.58%) | → MARGINAL PROFIT: Monitor closely  【TECHNICAL ANALYSIS】 Current Price: ₹3029.90 | 50-Day Moving Average: ₹2869.34 (Price is 5.6% above 50DMA) |   → Short-term trend: BULLISH (trading above 50DMA) | 200-Day Moving Average: ₹2783.10 (Price is 8.9% above 200DMA) |   → Long-term trend: BULLISH (trading above 200DMA) | DMA Crossover: GOLDEN CROSS (50DMA > 200DMA) - Bullish signal indicating potential uptrend | RSI(14): 43.4 |   → RSI Signal: BEARISH MOMENTUM (RSI 30-50) - Moderate selling pressure  【MOMENTUM SUMMARY】 Overall Momentum Score: 3/4 (STRONG BULLISH) | Multiple bullish signals aligned - price above both DMAs with bullish crossover and positive RSI momentum  【PORTFOLIO CONTEXT】 Research Rank: HOLDING | Initial Recommendation: ACCUMULATE  【ADVISOR GUIDANCE】 FAVORABLE: Technical setup is bullish with multiple confirming signals. Good entry opportunity on dips. | Key Support: ₹2783.10 | Key Resistance: ₹2869.34
KIRLOSENG,0,1309.1,4,1066.0,5236.4,936.0,21.95,1300.29,1061.17,38.17,BULLISH,3,BUY,regular,CNC,LIMIT,HOLDING,STRONG BUY,0,0,【FUNDAMENTAL ANALYSIS】 Existing holding: 4 shares @ ₹1066.00 avg cost. P&L: ₹936.00 (21.95%)  【CURRENT HOLDINGS】 Holding Qty: 4 shares | Avg Cost: ₹1066.00 | Current Price: ₹1309.10 | P&L: ₹+936.00 (+21.95%) | → SIGNIFICANT PROFIT: Consider partial profit booking  【TECHNICAL ANALYSIS】 Current Price: ₹1309.10 | 50-Day Moving Average: ₹1300.29 (Price is 0.7% above 50DMA) |   → Short-term trend: BULLISH (trading above 50DMA) | 200-Day Moving Average: ₹1061.17 (Price is 23.4% above 200DMA) |   → Long-term trend: BULLISH (trading above 200DMA) | DMA Crossover: GOLDEN CROSS (50DMA > 200DMA) - Bullish signal indicating potential uptrend | RSI(14): 38.2 |   → RSI Signal: BEARISH MOMENTUM (RSI 30-50) - Moderate selling pressure  【MOMENTUM SUMMARY】 Overall Momentum Score: 3/4 (STRONG BULLISH) | Multiple bullish signals aligned - price above both DMAs with bullish crossover and positive RSI momentum  【PORTFOLIO CONTEXT】 Research Rank: HOLDING | Initial Recommendation: ACCUMULATE  【ADVISOR GUIDANCE】 FAVORABLE: Technical setup is bullish with multiple confirming signals. Good entry opportunity on dips. | Key Support: ₹1061.17 | Key Resistance: ₹1300.29
TITAN,0,3910.4,22,3785.18,86028.8,2836.3,3.41,4154.06,3777.09,30.18,BULLISH,2,BUY,regular,CNC,LIMIT,HOLDING,STRONG BUY,0,0,"【FUNDAMENTAL ANALYSIS】 Existing holding: 22 shares @ ₹3785.18 avg cost. P&L: ₹2,836.30 (3.41%)  【CURRENT HOLDINGS】 Holding Qty: 22 shares | Avg Cost: ₹3785.18 | Current Price: ₹3910.40 | P&L: ₹+2,836.30 (+3.41%) | → MARGINAL PROFIT: Monitor closely  【TECHNICAL ANALYSIS】 Current Price: ₹3910.40 | 50-Day Moving Average: ₹4154.06 (Price is 5.9% below 50DMA) |   → Short-term trend: BEARISH (trading below 50DMA) | 200-Day Moving Average: ₹3777.09 (Price is 3.5% above 200DMA) |   → Long-term trend: BULLISH (trading above 200DMA) | DMA Crossover: GOLDEN CROSS (50DMA > 200DMA) - Bullish signal indicating potential uptrend | RSI(14): 30.2 |   → RSI Signal: BEARISH MOMENTUM (RSI 30-50) - Moderate selling pressure  【MOMENTUM SUMMARY】 Overall Momentum Score: 2/4 (MODERATE BULLISH) | Some bullish signals present but not fully aligned  【PORTFOLIO CONTEXT】 Research Rank: HOLDING | Initial Recommendation: ACCUMULATE  【ADVISOR GUIDANCE】 FAVORABLE: Technical setup is bullish with multiple confirming signals. Good entry opportunity on dips. | Key Support: ₹3777.09 | Key Resistance: ₹4154.06"
HINDALCO,0,840.65,100,816.38,84065.0,2887.25,3.54,936.11,799.79,31.96,BULLISH,2,BUY,regular,CNC,LIMIT,HOLDING,STRONG BUY,0,0,"【FUNDAMENTAL ANALYSIS】 Existing holding: 100 shares @ ₹816.38 avg cost. P&L: ₹2,887.25 (3.54%)  【CURRENT HOLDINGS】 Holding Qty: 100 shares | Avg Cost: ₹816.38 | Current Price: ₹840.65 | P&L: ₹+2,887.25 (+3.54%) | → MARGINAL PROFIT: Monitor closely  【TECHNICAL ANALYSIS】 Current Price: ₹840.65 | 50-Day Moving Average: ₹936.11 (Price is 10.2% below 50DMA) |   → Short-term trend: BEARISH (trading below 50DMA) | 200-Day Moving Average: ₹799.79 (Price is 5.1% above 200DMA) |   → Long-term trend: BULLISH (trading above 200DMA) | DMA Crossover: GOLDEN CROSS (50DMA > 200DMA) - Bullish signal indicating potential uptrend | RSI(14): 32.0 |   → RSI Signal: BEARISH MOMENTUM (RSI 30-50) - Moderate selling pressure  【MOMENTUM SUMMARY】 Overall Momentum Score: 2/4 (MODERATE BULLISH) | Some bullish signals present but not fully aligned  【PORTFOLIO CONTEXT】 Research Rank: HOLDING | Initial Recommendation: ACCUMULATE  【ADVISOR GUIDANCE】 FAVORABLE: Technical setup is bullish with multiple confirming signals. Good entry opportunity on dips. | Key Support: ₹799.79 | Key Resistance: ₹936.11"
AJANTPHARM,0,2816.3,14,2570.21,39428.2,3422.85,9.51,2876.06,2665.03,41.34,BULLISH,2,BUY,regular,CNC,LIMIT,HOLDING,STRONG BUY,0,0,"【FUNDAMENTAL ANALYSIS】 Existing holding: 14 shares @ ₹2570.21 avg cost. P&L: ₹3,422.85 (9.51%)  【CURRENT HOLDINGS】 Holding Qty: 14 shares | Avg Cost: ₹2570.21 | Current Price: ₹2816.30 | P&L: ₹+3,422.85 (+9.51%) | → MARGINAL PROFIT: Monitor closely  【TECHNICAL ANALYSIS】 Current Price: ₹2816.30 | 50-Day Moving Average: ₹2876.06 (Price is 2.1% below 50DMA) |   → Short-term trend: BEARISH (trading below 50DMA) | 200-Day Moving Average: ₹2665.03 (Price is 5.7% above 200DMA) |   → Long-term trend: BULLISH (trading above 200DMA) | DMA Crossover: GOLDEN CROSS (50DMA > 200DMA) - Bullish signal indicating potential uptrend | RSI(14): 41.3 |   → RSI Signal: BEARISH MOMENTUM (RSI 30-50) - Moderate selling pressure  【MOMENTUM SUMMARY】 Overall Momentum Score: 2/4 (MODERATE BULLISH) | Some bullish signals present but not fully aligned  【PORTFOLIO CONTEXT】 Research Rank: HOLDING | Initial Recommendation: ACCUMULATE  【ADVISOR GUIDANCE】 FAVORABLE: Technical setup is bullish with multiple confirming signals. Good entry opportunity on dips. | Key Support: ₹2665.03 | Key Resistance: ₹2876.06"
CUPID,0,77.6,500,69.8,38800.0,4100.0,11.75,82.83,55.68,50.83,BULLISH,3,BUY,regular,CNC,LIMIT,HOLDING,STRONG BUY,0,0,"【FUNDAMENTAL ANALYSIS】 Existing holding: 500 shares @ ₹69.80 avg cost. P&L: ₹4,100.00 (11.75%)  【CURRENT HOLDINGS】 Holding Qty: 500 shares | Avg Cost: ₹69.80 | Current Price: ₹77.60 | P&L: ₹+4,100.00 (+11.75%) | → GOOD PROFIT: Hold with trailing stop-loss  【TECHNICAL ANALYSIS】 Current Price: ₹77.60 | 50-Day Moving Average: ₹82.83 (Price is 6.3% below 50DMA) |   → Short-term trend: BEARISH (trading below 50DMA) | 200-Day Moving Average: ₹55.68 (Price is 39.4% above 200DMA) |   → Long-term trend: BULLISH (trading above 200DMA) | DMA Crossover: GOLDEN CROSS (50DMA > 200DMA) - Bullish signal indicating potential uptrend | RSI(14): 50.8 |   → RSI Signal: BULLISH MOMENTUM (RSI 50-70) - Moderate buying pressure  【MOMENTUM SUMMARY】 Overall Momentum Score: 3/4 (STRONG BULLISH) | Multiple bullish signals aligned - price above both DMAs with bullish crossover and positive RSI momentum  【PORTFOLIO CONTEXT】 Research Rank: HOLDING | Initial Recommendation: ACCUMULATE  【ADVISOR GUIDANCE】 FAVORABLE: Technical setup is bullish with multiple confirming signals. Good entry opportunity on dips. | Key Support: ₹55.68 | Key Resistance: ₹82.83"
NATIONALUM,0,348.0,200,310.6,69600.0,8150.45,13.12,368.98,260.92,45.62,BULLISH,2,BUY,regular,CNC,LIMIT,HOLDING,STRONG BUY,0,0,"【FUNDAMENTAL ANALYSIS】 Existing holding: 200 shares @ ₹310.60 avg cost. P&L: ₹8,150.45 (13.12%)  【CURRENT HOLDINGS】 Holding Qty: 200 shares | Avg Cost: ₹310.60 | Current Price: ₹348.00 | P&L: ₹+8,150.45 (+13.12%) | → GOOD PROFIT: Hold with trailing stop-loss  【TECHNICAL ANALYSIS】 Current Price: ₹348.00 | 50-Day Moving Average: ₹368.98 (Price is 5.7% below 50DMA) |   → Short-term trend: BEARISH (trading below 50DMA) | 200-Day Moving Average: ₹260.92 (Price is 33.4% above 200DMA) |   → Long-term trend: BULLISH (trading above 200DMA) | DMA Crossover: GOLDEN CROSS (50DMA > 200DMA) - Bullish signal indicating potential uptrend | RSI(14): 45.6 |   → RSI Signal: BEARISH MOMENTUM (RSI 30-50) - Moderate selling pressure  【MOMENTUM SUMMARY】 Overall Momentum Score: 2/4 (MODERATE BULLISH) | Some bullish signals present but not fully aligned  【PORTFOLIO CONTEXT】 Research Rank: HOLDING | Initial Recommendation: ACCUMULATE  【ADVISOR GUIDANCE】 FAVORABLE: Technical setup is bullish with multiple confirming signals. Good entry opportunity on dips. | Key Support: ₹260.92 | Key Resistance: ₹368.98"
PREMIERPOL,0,59.04,601,42.9,35483.04,9556.71,37.07,53.05,48.36,61.75,BULLISH,4,BUY,regular,CNC,LIMIT,HOLDING,STRONG BUY,0,0,"【FUNDAMENTAL ANALYSIS】 Existing holding: 601 shares @ ₹42.90 avg cost. P&L: ₹9,556.71 (37.07%)  【CURRENT HOLDINGS】 Holding Qty: 601 shares | Avg Cost: ₹42.90 | Current Price: ₹59.04 | P&L: ₹+9,556.71 (+37.07%) | → SIGNIFICANT PROFIT: Consider partial profit booking  【TECHNICAL ANALYSIS】 Current Price: ₹59.04 | 50-Day Moving Average: ₹53.05 (Price is 11.3% above 50DMA) |   → Short-term trend: BULLISH (trading above 50DMA) | 200-Day Moving Average: ₹48.36 (Price is 22.1% above 200DMA) |   → Long-term trend: BULLISH (trading above 200DMA) | DMA Crossover: GOLDEN CROSS (50DMA > 200DMA) - Bullish signal indicating potential uptrend | RSI(14): 61.8 |   → RSI Signal: BULLISH MOMENTUM (RSI 50-70) - Moderate buying pressure  【MOMENTUM SUMMARY】 Overall Momentum Score: 4/4 (STRONG BULLISH) | Multiple bullish signals aligned - price above both DMAs with bullish crossover and positive RSI momentum  【PORTFOLIO CONTEXT】 Research Rank: HOLDING | Initial Recommendation: ACCUMULATE  【ADVISOR GUIDANCE】 FAVORABLE: Technical setup is bullish with multiple confirming signals. Good entry opportunity on dips. | Key Support: ₹48.36 | Key Resistance: ₹53.05"
PARAS,0,586.35,1,587.7,586.35,0.0,0.0,658.36,706.03,35.36,BEARISH,0,BUY,regular,CNC,LIMIT,HOLDING,SELL,0,0,【FUNDAMENTAL ANALYSIS】 Existing holding: 1 shares @ ₹587.70 avg cost. P&L: ₹0.00 (0.00%)  【CURRENT HOLDINGS】 Holding Qty: 1 shares | Avg Cost: ₹587.70 | Current Price: ₹586.35 | P&L: ₹+0.00 (+0.00%) | → MARGINAL PROFIT: Monitor closely  【TECHNICAL ANALYSIS】 Current Price: ₹586.35 | 50-Day Moving Average: ₹658.36 (Price is 10.9% below 50DMA) |   → Short-term trend: BEARISH (trading below 50DMA) | 200-Day Moving Average: ₹706.03 (Price is 17.0% below 200DMA) |   → Long-term trend: BEARISH (trading below 200DMA) | DMA Crossover: DEATH CROSS (50DMA < 200DMA) - Bearish signal indicating potential downtrend | RSI(14): 35.4 |   → RSI Signal: BEARISH MOMENTUM (RSI 30-50) - Moderate selling pressure  【MOMENTUM SUMMARY】 Overall Momentum Score: 0/4 (NEUTRAL) | Mixed signals - no clear directional bias in technicals  【PORTFOLIO CONTEXT】 Research Rank: HOLDING | Initial Recommendation: REVIEW  【ADVISOR GUIDANCE】 UNFAVORABLE: Technical setup is bearish. Consider reducing exposure or waiting for trend reversal. | Key Support: ₹658.36 | Key Resistance: ₹706.03
ZENTEC,0,1354.1,1,1357.0,1354.1,0.0,0.0,1350.42,1500.85,51.02,BEARISH,2,BUY,regular,CNC,LIMIT,HOLDING,BUY,0,0,【FUNDAMENTAL ANALYSIS】 Existing holding: 1 shares @ ₹1357.00 avg cost. P&L: ₹0.00 (0.00%)  【CURRENT HOLDINGS】 Holding Qty: 1 shares | Avg Cost: ₹1357.00 | Current Price: ₹1354.10 | P&L: ₹+0.00 (+0.00%) | → MARGINAL PROFIT: Monitor closely  【TECHNICAL ANALYSIS】 Current Price: ₹1354.10 | 50-Day Moving Average: ₹1350.42 (Price is 0.3% above 50DMA) |   → Short-term trend: BULLISH (trading above 50DMA) | 200-Day Moving Average: ₹1500.85 (Price is 9.8% below 200DMA) |   → Long-term trend: BEARISH (trading below 200DMA) | DMA Crossover: DEATH CROSS (50DMA < 200DMA) - Bearish signal indicating potential downtrend | RSI(14): 51.0 |   → RSI Signal: BULLISH MOMENTUM (RSI 50-70) - Moderate buying pressure  【MOMENTUM SUMMARY】 Overall Momentum Score: 2/4 (MODERATE BULLISH) | Some bullish signals present but not fully aligned  【PORTFOLIO CONTEXT】 Research Rank: HOLDING | Initial Recommendation: HOLD  【ADVISOR GUIDANCE】 NEUTRAL: Mixed technical signals. Position sizing should be conservative. | Key Support: ₹1350.42 | Key Resistance: ₹1500.85
